scheme_code;scheme_name;net_asset_value;repurchase_price;sale_price;date
127426;Mirae Asset Fixed Maturity Plan-Series-I-368 Days-Direct Plan-Dividend;10.0083;10.0083;10.0083;24-Feb-2014
127426;Mirae Asset Fixed Maturity Plan-Series-I-368 Days-Direct Plan-Dividend;10.0100;10.0100;10.0100;25-Feb-2014
127426;Mirae Asset Fixed Maturity Plan-Series-I-368 Days-Direct Plan-Dividend;10.0063;10.0063;10.0063;26-Feb-2014
127426;Mirae Asset Fixed Maturity Plan-Series-I-368 Days-Direct Plan-Dividend;10.0078;10.0078;10.0078;28-Feb-2014
127426;Mirae Asset Fixed Maturity Plan-Series-I-368 Days-Direct Plan-Dividend;10.0066;10.0066;10.0066;03-Mar-2014
127426;Mirae Asset Fixed Maturity Plan-Series-I-368 Days-Direct Plan-Dividend;10.0059;10.0059;10.0059;04-Mar-2014
127426;Mirae Asset Fixed Maturity Plan-Series-I-368 Days-Direct Plan-Dividend;10.0226;10.0226;10.0226;05-Mar-2014
127426;Mirae Asset Fixed Maturity Plan-Series-I-368 Days-Direct Plan-Dividend;10.0258;10.0258;10.0258;06-Mar-2014
127426;Mirae Asset Fixed Maturity Plan-Series-I-368 Days-Direct Plan-Dividend;10.0370;10.0370;10.0370;07-Mar-2014
127426;Mirae Asset Fixed Maturity Plan-Series-I-368 Days-Direct Plan-Dividend;10.0457;10.0457;10.0457;10-Mar-2014
127426;Mirae Asset Fixed Maturity Plan-Series-I-368 Days-Direct Plan-Dividend;10.0557;10.0557;10.0557;11-Mar-2014
127426;Mirae Asset Fixed Maturity Plan-Series-I-368 Days-Direct Plan-Dividend;10.0583;10.0583;10.0583;12-Mar-2014
127426;Mirae Asset Fixed Maturity Plan-Series-I-368 Days-Direct Plan-Dividend;10.0602;10.0602;10.0602;13-Mar-2014
127426;Mirae Asset Fixed Maturity Plan-Series-I-368 Days-Direct Plan-Dividend;10.0697;10.0697;10.0697;14-Mar-2014
127426;Mirae Asset Fixed Maturity Plan-Series-I-368 Days-Direct Plan-Dividend;10.0819;10.0819;10.0819;18-Mar-2014
127426;Mirae Asset Fixed Maturity Plan-Series-I-368 Days-Direct Plan-Dividend;10.0852;10.0852;10.0852;19-Mar-2014
127426;Mirae Asset Fixed Maturity Plan-Series-I-368 Days-Direct Plan-Dividend;10.0914;10.0914;10.0914;20-Mar-2014
127426;Mirae Asset Fixed Maturity Plan-Series-I-368 Days-Direct Plan-Dividend;10.1054;10.1054;10.1054;21-Mar-2014
127426;Mirae Asset Fixed Maturity Plan-Series-I-368 Days-Direct Plan-Dividend;10.1180;10.1180;10.1180;24-Mar-2014
127426;Mirae Asset Fixed Maturity Plan-Series-I-368 Days-Direct Plan-Dividend;10.1193;10.1193;10.1193;25-Mar-2014
127426;Mirae Asset Fixed Maturity Plan-Series-I-368 Days-Direct Plan-Dividend;10.1190;10.1190;10.1190;26-Mar-2014
127426;Mirae Asset Fixed Maturity Plan-Series-I-368 Days-Direct Plan-Dividend;10.1203;10.1203;10.1203;27-Mar-2014
127426;Mirae Asset Fixed Maturity Plan-Series-I-368 Days-Direct Plan-Dividend;10.1342;10.1342;10.1342;28-Mar-2014
127426;Mirae Asset Fixed Maturity Plan-Series-I-368 Days-Direct Plan-Dividend;10.1384;10.1384;10.1384;02-Apr-2014
127426;Mirae Asset Fixed Maturity Plan-Series-I-368 Days-Direct Plan-Dividend;10.1404;10.1404;10.1404;03-Apr-2014
127426;Mirae Asset Fixed Maturity Plan-Series-I-368 Days-Direct Plan-Dividend;10.1413;10.1413;10.1413;04-Apr-2014
127426;Mirae Asset Fixed Maturity Plan-Series-I-368 Days-Direct Plan-Dividend;10.1479;10.1479;10.1479;07-Apr-2014
127426;Mirae Asset Fixed Maturity Plan-Series-I-368 Days-Direct Plan-Dividend;10.1483;10.1483;10.1483;09-Apr-2014
127426;Mirae Asset Fixed Maturity Plan-Series-I-368 Days-Direct Plan-Dividend;10.1513;10.1513;10.1513;10-Apr-2014
127426;Mirae Asset Fixed Maturity Plan-Series-I-368 Days-Direct Plan-Dividend;10.1537;10.1537;10.1537;11-Apr-2014
127426;Mirae Asset Fixed Maturity Plan-Series-I-368 Days-Direct Plan-Dividend;10.1643;10.1643;10.1643;15-Apr-2014
127426;Mirae Asset Fixed Maturity Plan-Series-I-368 Days-Direct Plan-Dividend;10.1679;10.1679;10.1679;16-Apr-2014
127426;Mirae Asset Fixed Maturity Plan-Series-I-368 Days-Direct Plan-Dividend;10.1735;10.1735;10.1735;17-Apr-2014
127426;Mirae Asset Fixed Maturity Plan-Series-I-368 Days-Direct Plan-Dividend;10.1831;10.1831;10.1831;21-Apr-2014
127426;Mirae Asset Fixed Maturity Plan-Series-I-368 Days-Direct Plan-Dividend;10.1847;10.1847;10.1847;22-Apr-2014
127426;Mirae Asset Fixed Maturity Plan-Series-I-368 Days-Direct Plan-Dividend;10.1873;10.1873;10.1873;23-Apr-2014
127426;Mirae Asset Fixed Maturity Plan-Series-I-368 Days-Direct Plan-Dividend;10.1917;10.1917;10.1917;25-Apr-2014
127426;Mirae Asset Fixed Maturity Plan-Series-I-368 Days-Direct Plan-Dividend;10.1974;10.1974;10.1974;28-Apr-2014
127426;Mirae Asset Fixed Maturity Plan-Series-I-368 Days-Direct Plan-Dividend;10.1992;10.1992;10.1992;29-Apr-2014
127426;Mirae Asset Fixed Maturity Plan-Series-I-368 Days-Direct Plan-Dividend;10.2034;10.2034;10.2034;30-Apr-2014
127426;Mirae Asset Fixed Maturity Plan-Series-I-368 Days-Direct Plan-Dividend;10.2080;10.2080;10.2080;02-May-2014
127426;Mirae Asset Fixed Maturity Plan-Series-I-368 Days-Direct Plan-Dividend;10.2155;10.2155;10.2155;05-May-2014
127426;Mirae Asset Fixed Maturity Plan-Series-I-368 Days-Direct Plan-Dividend;10.2195;10.2195;10.2195;06-May-2014
127426;Mirae Asset Fixed Maturity Plan-Series-I-368 Days-Direct Plan-Dividend;10.2220;10.2220;10.2220;07-May-2014
127426;Mirae Asset Fixed Maturity Plan-Series-I-368 Days-Direct Plan-Dividend;10.2268;10.2268;10.2268;08-May-2014
127426;Mirae Asset Fixed Maturity Plan-Series-I-368 Days-Direct Plan-Dividend;10.2312;10.2312;10.2312;09-May-2014
127426;Mirae Asset Fixed Maturity Plan-Series-I-368 Days-Direct Plan-Dividend;10.2418;10.2418;10.2418;12-May-2014
127426;Mirae Asset Fixed Maturity Plan-Series-I-368 Days-Direct Plan-Dividend;10.2429;10.2429;10.2429;13-May-2014
127426;Mirae Asset Fixed Maturity Plan-Series-I-368 Days-Direct Plan-Dividend;10.2501;10.2501;10.2501;15-May-2014
127426;Mirae Asset Fixed Maturity Plan-Series-I-368 Days-Direct Plan-Dividend;10.2566;10.2566;10.2566;16-May-2014
127426;Mirae Asset Fixed Maturity Plan-Series-I-368 Days-Direct Plan-Dividend;10.2623;10.2623;10.2623;19-May-2014
127426;Mirae Asset Fixed Maturity Plan-Series-I-368 Days-Direct Plan-Dividend;10.2659;10.2659;10.2659;20-May-2014
127426;Mirae Asset Fixed Maturity Plan-Series-I-368 Days-Direct Plan-Dividend;10.2706;10.2706;10.2706;21-May-2014
127426;Mirae Asset Fixed Maturity Plan-Series-I-368 Days-Direct Plan-Dividend;10.2758;10.2758;10.2758;22-May-2014
127426;Mirae Asset Fixed Maturity Plan-Series-I-368 Days-Direct Plan-Dividend;10.2790;10.2790;10.2790;23-May-2014
127426;Mirae Asset Fixed Maturity Plan-Series-I-368 Days-Direct Plan-Dividend;10.2869;10.2869;10.2869;26-May-2014
127426;Mirae Asset Fixed Maturity Plan-Series-I-368 Days-Direct Plan-Dividend;10.2882;10.2882;10.2882;27-May-2014
127426;Mirae Asset Fixed Maturity Plan-Series-I-368 Days-Direct Plan-Dividend;10.2892;10.2892;10.2892;28-May-2014
127426;Mirae Asset Fixed Maturity Plan-Series-I-368 Days-Direct Plan-Dividend;10.2926;10.2926;10.2926;29-May-2014
127426;Mirae Asset Fixed Maturity Plan-Series-I-368 Days-Direct Plan-Dividend;10.2982;10.2982;10.2982;30-May-2014
127426;Mirae Asset Fixed Maturity Plan-Series-I-368 Days-Direct Plan-Dividend;10.3037;10.3037;10.3037;02-Jun-2014
127426;Mirae Asset Fixed Maturity Plan-Series-I-368 Days-Direct Plan-Dividend;10.3100;10.3100;10.3100;03-Jun-2014
127426;Mirae Asset Fixed Maturity Plan-Series-I-368 Days-Direct Plan-Dividend;10.3171;10.3171;10.3171;04-Jun-2014
127426;Mirae Asset Fixed Maturity Plan-Series-I-368 Days-Direct Plan-Dividend;10.3212;10.3212;10.3212;05-Jun-2014
127426;Mirae Asset Fixed Maturity Plan-Series-I-368 Days-Direct Plan-Dividend;10.3251;10.3251;10.3251;06-Jun-2014
127426;Mirae Asset Fixed Maturity Plan-Series-I-368 Days-Direct Plan-Dividend;10.3308;10.3308;10.3308;09-Jun-2014
127426;Mirae Asset Fixed Maturity Plan-Series-I-368 Days-Direct Plan-Dividend;10.3322;10.3322;10.3322;10-Jun-2014
127426;Mirae Asset Fixed Maturity Plan-Series-I-368 Days-Direct Plan-Dividend;10.3352;10.3352;10.3352;11-Jun-2014
127426;Mirae Asset Fixed Maturity Plan-Series-I-368 Days-Direct Plan-Dividend;10.3387;10.3387;10.3387;12-Jun-2014
127426;Mirae Asset Fixed Maturity Plan-Series-I-368 Days-Direct Plan-Dividend;10.3397;10.3397;10.3397;13-Jun-2014
127426;Mirae Asset Fixed Maturity Plan-Series-I-368 Days-Direct Plan-Dividend;10.3440;10.3440;10.3440;16-Jun-2014
127426;Mirae Asset Fixed Maturity Plan-Series-I-368 Days-Direct Plan-Dividend;10.3459;10.3459;10.3459;17-Jun-2014
127426;Mirae Asset Fixed Maturity Plan-Series-I-368 Days-Direct Plan-Dividend;10.3488;10.3488;10.3488;18-Jun-2014
127426;Mirae Asset Fixed Maturity Plan-Series-I-368 Days-Direct Plan-Dividend;10.3512;10.3512;10.3512;19-Jun-2014
127426;Mirae Asset Fixed Maturity Plan-Series-I-368 Days-Direct Plan-Dividend;10.3532;10.3532;10.3532;20-Jun-2014
127426;Mirae Asset Fixed Maturity Plan-Series-I-368 Days-Direct Plan-Dividend;10.3594;10.3594;10.3594;23-Jun-2014
127426;Mirae Asset Fixed Maturity Plan-Series-I-368 Days-Direct Plan-Dividend;10.3619;10.3619;10.3619;24-Jun-2014
127426;Mirae Asset Fixed Maturity Plan-Series-I-368 Days-Direct Plan-Dividend;10.3642;10.3642;10.3642;25-Jun-2014
127426;Mirae Asset Fixed Maturity Plan-Series-I-368 Days-Direct Plan-Dividend;10.3675;10.3675;10.3675;26-Jun-2014
127426;Mirae Asset Fixed Maturity Plan-Series-I-368 Days-Direct Plan-Dividend;10.3704;10.3704;10.3704;27-Jun-2014
127426;Mirae Asset Fixed Maturity Plan-Series-I-368 Days-Direct Plan-Dividend;10.3811;10.3811;10.3811;30-Jun-2014
127426;Mirae Asset Fixed Maturity Plan-Series-I-368 Days-Direct Plan-Dividend;10.3872;10.3872;10.3872;02-Jul-2014
127426;Mirae Asset Fixed Maturity Plan-Series-I-368 Days-Direct Plan-Dividend;10.3901;10.3901;10.3901;03-Jul-2014
127426;Mirae Asset Fixed Maturity Plan-Series-I-368 Days-Direct Plan-Dividend;10.3936;10.3936;10.3936;04-Jul-2014
127426;Mirae Asset Fixed Maturity Plan-Series-I-368 Days-Direct Plan-Dividend;10.4007;10.4007;10.4007;07-Jul-2014
127426;Mirae Asset Fixed Maturity Plan-Series-I-368 Days-Direct Plan-Dividend;10.4024;10.4024;10.4024;08-Jul-2014
127426;Mirae Asset Fixed Maturity Plan-Series-I-368 Days-Direct Plan-Dividend;10.4038;10.4038;10.4038;09-Jul-2014
127426;Mirae Asset Fixed Maturity Plan-Series-I-368 Days-Direct Plan-Dividend;10.4040;10.4040;10.4040;10-Jul-2014
127426;Mirae Asset Fixed Maturity Plan-Series-I-368 Days-Direct Plan-Dividend;10.3961;10.3961;10.3961;11-Jul-2014
127426;Mirae Asset Fixed Maturity Plan-Series-I-368 Days-Direct Plan-Dividend;10.4034;10.4034;10.4034;14-Jul-2014
127426;Mirae Asset Fixed Maturity Plan-Series-I-368 Days-Direct Plan-Dividend;10.4074;10.4074;10.4074;15-Jul-2014
127426;Mirae Asset Fixed Maturity Plan-Series-I-368 Days-Direct Plan-Dividend;10.4115;10.4115;10.4115;16-Jul-2014
127426;Mirae Asset Fixed Maturity Plan-Series-I-368 Days-Direct Plan-Dividend;10.4150;10.4150;10.4150;17-Jul-2014
127426;Mirae Asset Fixed Maturity Plan-Series-I-368 Days-Direct Plan-Dividend;10.4183;10.4183;10.4183;18-Jul-2014
127426;Mirae Asset Fixed Maturity Plan-Series-I-368 Days-Direct Plan-Dividend;10.4258;10.4258;10.4258;21-Jul-2014
127426;Mirae Asset Fixed Maturity Plan-Series-I-368 Days-Direct Plan-Dividend;10.4283;10.4283;10.4283;22-Jul-2014
127426;Mirae Asset Fixed Maturity Plan-Series-I-368 Days-Direct Plan-Dividend;10.4303;10.4303;10.4303;23-Jul-2014
127426;Mirae Asset Fixed Maturity Plan-Series-I-368 Days-Direct Plan-Dividend;10.4312;10.4312;10.4312;24-Jul-2014
127426;Mirae Asset Fixed Maturity Plan-Series-I-368 Days-Direct Plan-Dividend;10.4343;10.4343;10.4343;25-Jul-2014
127426;Mirae Asset Fixed Maturity Plan-Series-I-368 Days-Direct Plan-Dividend;10.4407;10.4407;10.4407;28-Jul-2014
127426;Mirae Asset Fixed Maturity Plan-Series-I-368 Days-Direct Plan-Dividend;10.4467;10.4467;10.4467;30-Jul-2014
127426;Mirae Asset Fixed Maturity Plan-Series-I-368 Days-Direct Plan-Dividend;10.4479;10.4479;10.4479;31-Jul-2014
127426;Mirae Asset Fixed Maturity Plan-Series-I-368 Days-Direct Plan-Dividend;10.4500;10.4500;10.4500;01-Aug-2014
127426;Mirae Asset Fixed Maturity Plan-Series-I-368 Days-Direct Plan-Dividend;10.4575;10.4575;10.4575;04-Aug-2014
127426;Mirae Asset Fixed Maturity Plan-Series-I-368 Days-Direct Plan-Dividend;10.4610;10.4610;10.4610;05-Aug-2014
127426;Mirae Asset Fixed Maturity Plan-Series-I-368 Days-Direct Plan-Dividend;10.4616;10.4616;10.4616;06-Aug-2014
127426;Mirae Asset Fixed Maturity Plan-Series-I-368 Days-Direct Plan-Dividend;10.4632;10.4632;10.4632;07-Aug-2014
127426;Mirae Asset Fixed Maturity Plan-Series-I-368 Days-Direct Plan-Dividend;10.4649;10.4649;10.4649;08-Aug-2014
127426;Mirae Asset Fixed Maturity Plan-Series-I-368 Days-Direct Plan-Dividend;10.4713;10.4713;10.4713;11-Aug-2014
127426;Mirae Asset Fixed Maturity Plan-Series-I-368 Days-Direct Plan-Dividend;10.4744;10.4744;10.4744;12-Aug-2014
127426;Mirae Asset Fixed Maturity Plan-Series-I-368 Days-Direct Plan-Dividend;10.4762;10.4762;10.4762;13-Aug-2014
127426;Mirae Asset Fixed Maturity Plan-Series-I-368 Days-Direct Plan-Dividend;10.4783;10.4783;10.4783;14-Aug-2014
127426;Mirae Asset Fixed Maturity Plan-Series-I-368 Days-Direct Plan-Dividend;10.4910;10.4910;10.4910;19-Aug-2014
127426;Mirae Asset Fixed Maturity Plan-Series-I-368 Days-Direct Plan-Dividend;10.4931;10.4931;10.4931;20-Aug-2014
127426;Mirae Asset Fixed Maturity Plan-Series-I-368 Days-Direct Plan-Dividend;10.4988;10.4988;10.4988;21-Aug-2014
127426;Mirae Asset Fixed Maturity Plan-Series-I-368 Days-Direct Plan-Dividend;10.5032;10.5032;10.5032;22-Aug-2014
127426;Mirae Asset Fixed Maturity Plan-Series-I-368 Days-Direct Plan-Dividend;10.5112;10.5112;10.5112;25-Aug-2014
127426;Mirae Asset Fixed Maturity Plan-Series-I-368 Days-Direct Plan-Dividend;10.5155;10.5155;10.5155;26-Aug-2014
127426;Mirae Asset Fixed Maturity Plan-Series-I-368 Days-Direct Plan-Dividend;10.5185;10.5185;10.5185;27-Aug-2014
127426;Mirae Asset Fixed Maturity Plan-Series-I-368 Days-Direct Plan-Dividend;10.5209;10.5209;10.5209;28-Aug-2014
127426;Mirae Asset Fixed Maturity Plan-Series-I-368 Days-Direct Plan-Dividend;10.5307;10.5307;10.5307;01-Sep-2014
127426;Mirae Asset Fixed Maturity Plan-Series-I-368 Days-Direct Plan-Dividend;10.5329;10.5329;10.5329;02-Sep-2014
127426;Mirae Asset Fixed Maturity Plan-Series-I-368 Days-Direct Plan-Dividend;10.5358;10.5358;10.5358;03-Sep-2014
127426;Mirae Asset Fixed Maturity Plan-Series-I-368 Days-Direct Plan-Dividend;10.5384;10.5384;10.5384;04-Sep-2014
127426;Mirae Asset Fixed Maturity Plan-Series-I-368 Days-Direct Plan-Dividend;10.5413;10.5413;10.5413;05-Sep-2014
127426;Mirae Asset Fixed Maturity Plan-Series-I-368 Days-Direct Plan-Dividend;10.5488;10.5488;10.5488;08-Sep-2014
127426;Mirae Asset Fixed Maturity Plan-Series-I-368 Days-Direct Plan-Dividend;10.5508;10.5508;10.5508;09-Sep-2014
127426;Mirae Asset Fixed Maturity Plan-Series-I-368 Days-Direct Plan-Dividend;10.5531;10.5531;10.5531;10-Sep-2014
127426;Mirae Asset Fixed Maturity Plan-Series-I-368 Days-Direct Plan-Dividend;10.5554;10.5554;10.5554;11-Sep-2014
127426;Mirae Asset Fixed Maturity Plan-Series-I-368 Days-Direct Plan-Dividend;10.5581;10.5581;10.5581;12-Sep-2014
127426;Mirae Asset Fixed Maturity Plan-Series-I-368 Days-Direct Plan-Dividend;10.5656;10.5656;10.5656;15-Sep-2014
127426;Mirae Asset Fixed Maturity Plan-Series-I-368 Days-Direct Plan-Dividend;10.5682;10.5682;10.5682;16-Sep-2014
127426;Mirae Asset Fixed Maturity Plan-Series-I-368 Days-Direct Plan-Dividend;10.5706;10.5706;10.5706;17-Sep-2014
127426;Mirae Asset Fixed Maturity Plan-Series-I-368 Days-Direct Plan-Dividend;10.5740;10.5740;10.5740;18-Sep-2014
127426;Mirae Asset Fixed Maturity Plan-Series-I-368 Days-Direct Plan-Dividend;10.5769;10.5769;10.5769;19-Sep-2014
127426;Mirae Asset Fixed Maturity Plan-Series-I-368 Days-Direct Plan-Dividend;10.5848;10.5848;10.5848;22-Sep-2014
127426;Mirae Asset Fixed Maturity Plan-Series-I-368 Days-Direct Plan-Dividend;10.5873;10.5873;10.5873;23-Sep-2014
127426;Mirae Asset Fixed Maturity Plan-Series-I-368 Days-Direct Plan-Dividend;10.5898;10.5898;10.5898;24-Sep-2014
127426;Mirae Asset Fixed Maturity Plan-Series-I-368 Days-Direct Plan-Dividend;10.5924;10.5924;10.5924;25-Sep-2014
127426;Mirae Asset Fixed Maturity Plan-Series-I-368 Days-Direct Plan-Dividend;10.5948;10.5948;10.5948;26-Sep-2014
127426;Mirae Asset Fixed Maturity Plan-Series-I-368 Days-Direct Plan-Dividend;10.6026;10.6026;10.6026;29-Sep-2014
127426;Mirae Asset Fixed Maturity Plan-Series-I-368 Days-Direct Plan-Dividend;10.6074;10.6074;10.6074;30-Sep-2014
127426;Mirae Asset Fixed Maturity Plan-Series-I-368 Days-Direct Plan-Dividend;10.6112;10.6112;10.6112;01-Oct-2014
127426;Mirae Asset Fixed Maturity Plan-Series-I-368 Days-Direct Plan-Dividend;10.6274;10.6274;10.6274;07-Oct-2014
127426;Mirae Asset Fixed Maturity Plan-Series-I-368 Days-Direct Plan-Dividend;10.6322;10.6322;10.6322;08-Oct-2014
127426;Mirae Asset Fixed Maturity Plan-Series-I-368 Days-Direct Plan-Dividend;10.6350;10.6350;10.6350;09-Oct-2014
127426;Mirae Asset Fixed Maturity Plan-Series-I-368 Days-Direct Plan-Dividend;10.6376;10.6376;10.6376;10-Oct-2014
127426;Mirae Asset Fixed Maturity Plan-Series-I-368 Days-Direct Plan-Dividend;10.6458;10.6458;10.6458;13-Oct-2014
127426;Mirae Asset Fixed Maturity Plan-Series-I-368 Days-Direct Plan-Dividend;10.6481;10.6481;10.6481;14-Oct-2014
127426;Mirae Asset Fixed Maturity Plan-Series-I-368 Days-Direct Plan-Dividend;10.6535;10.6535;10.6535;16-Oct-2014
127426;Mirae Asset Fixed Maturity Plan-Series-I-368 Days-Direct Plan-Dividend;10.6567;10.6567;10.6567;17-Oct-2014
127426;Mirae Asset Fixed Maturity Plan-Series-I-368 Days-Direct Plan-Dividend;10.6650;10.6650;10.6650;20-Oct-2014
127426;Mirae Asset Fixed Maturity Plan-Series-I-368 Days-Direct Plan-Dividend;10.6675;10.6675;10.6675;21-Oct-2014
127426;Mirae Asset Fixed Maturity Plan-Series-I-368 Days-Direct Plan-Dividend;10.6696;10.6696;10.6696;22-Oct-2014
127426;Mirae Asset Fixed Maturity Plan-Series-I-368 Days-Direct Plan-Dividend;10.6831;10.6831;10.6831;27-Oct-2014
127426;Mirae Asset Fixed Maturity Plan-Series-I-368 Days-Direct Plan-Dividend;10.6868;10.6868;10.6868;28-Oct-2014
127426;Mirae Asset Fixed Maturity Plan-Series-I-368 Days-Direct Plan-Dividend;10.6896;10.6896;10.6896;29-Oct-2014
127426;Mirae Asset Fixed Maturity Plan-Series-I-368 Days-Direct Plan-Dividend;10.6930;10.6930;10.6930;30-Oct-2014
127426;Mirae Asset Fixed Maturity Plan-Series-I-368 Days-Direct Plan-Dividend;10.6961;10.6961;10.6961;31-Oct-2014
127426;Mirae Asset Fixed Maturity Plan-Series-I-368 Days-Direct Plan-Dividend;10.7049;10.7049;10.7049;03-Nov-2014
127426;Mirae Asset Fixed Maturity Plan-Series-I-368 Days-Direct Plan-Dividend;10.7114;10.7114;10.7114;05-Nov-2014
127426;Mirae Asset Fixed Maturity Plan-Series-I-368 Days-Direct Plan-Dividend;10.7173;10.7173;10.7173;07-Nov-2014
127426;Mirae Asset Fixed Maturity Plan-Series-I-368 Days-Direct Plan-Dividend;10.7249;10.7249;10.7249;10-Nov-2014
127426;Mirae Asset Fixed Maturity Plan-Series-I-368 Days-Direct Plan-Dividend;10.7273;10.7273;10.7273;11-Nov-2014
127426;Mirae Asset Fixed Maturity Plan-Series-I-368 Days-Direct Plan-Dividend;10.7295;10.7295;10.7295;12-Nov-2014
127426;Mirae Asset Fixed Maturity Plan-Series-I-368 Days-Direct Plan-Dividend;10.7319;10.7319;10.7319;13-Nov-2014
127426;Mirae Asset Fixed Maturity Plan-Series-I-368 Days-Direct Plan-Dividend;10.7343;10.7343;10.7343;14-Nov-2014
127426;Mirae Asset Fixed Maturity Plan-Series-I-368 Days-Direct Plan-Dividend;10.7420;10.7420;10.7420;17-Nov-2014
127426;Mirae Asset Fixed Maturity Plan-Series-I-368 Days-Direct Plan-Dividend;10.7446;10.7446;10.7446;18-Nov-2014
127426;Mirae Asset Fixed Maturity Plan-Series-I-368 Days-Direct Plan-Dividend;10.7471;10.7471;10.7471;19-Nov-2014
127426;Mirae Asset Fixed Maturity Plan-Series-I-368 Days-Direct Plan-Dividend;10.7495;10.7495;10.7495;20-Nov-2014
127426;Mirae Asset Fixed Maturity Plan-Series-I-368 Days-Direct Plan-Dividend;10.7520;10.7520;10.7520;21-Nov-2014
127426;Mirae Asset Fixed Maturity Plan-Series-I-368 Days-Direct Plan-Dividend;10.7591;10.7591;10.7591;24-Nov-2014
127426;Mirae Asset Fixed Maturity Plan-Series-I-368 Days-Direct Plan-Dividend;10.7619;10.7619;10.7619;25-Nov-2014
127426;Mirae Asset Fixed Maturity Plan-Series-I-368 Days-Direct Plan-Dividend;10.7647;10.7647;10.7647;26-Nov-2014
127426;Mirae Asset Fixed Maturity Plan-Series-I-368 Days-Direct Plan-Dividend;10.7670;10.7670;10.7670;27-Nov-2014
127426;Mirae Asset Fixed Maturity Plan-Series-I-368 Days-Direct Plan-Dividend;10.7698;10.7698;10.7698;28-Nov-2014
127426;Mirae Asset Fixed Maturity Plan-Series-I-368 Days-Direct Plan-Dividend;10.7780;10.7780;10.7780;01-Dec-2014
127426;Mirae Asset Fixed Maturity Plan-Series-I-368 Days-Direct Plan-Dividend;10.7806;10.7806;10.7806;02-Dec-2014
127426;Mirae Asset Fixed Maturity Plan-Series-I-368 Days-Direct Plan-Dividend;10.7831;10.7831;10.7831;03-Dec-2014
127426;Mirae Asset Fixed Maturity Plan-Series-I-368 Days-Direct Plan-Dividend;10.7853;10.7853;10.7853;04-Dec-2014
127426;Mirae Asset Fixed Maturity Plan-Series-I-368 Days-Direct Plan-Dividend;10.7879;10.7879;10.7879;05-Dec-2014
127426;Mirae Asset Fixed Maturity Plan-Series-I-368 Days-Direct Plan-Dividend;10.7951;10.7951;10.7951;08-Dec-2014
127426;Mirae Asset Fixed Maturity Plan-Series-I-368 Days-Direct Plan-Dividend;10.7977;10.7977;10.7977;09-Dec-2014
127426;Mirae Asset Fixed Maturity Plan-Series-I-368 Days-Direct Plan-Dividend;10.8001;10.8001;10.8001;10-Dec-2014
127426;Mirae Asset Fixed Maturity Plan-Series-I-368 Days-Direct Plan-Dividend;10.8023;10.8023;10.8023;11-Dec-2014
127426;Mirae Asset Fixed Maturity Plan-Series-I-368 Days-Direct Plan-Dividend;10.8047;10.8047;10.8047;12-Dec-2014
127426;Mirae Asset Fixed Maturity Plan-Series-I-368 Days-Direct Plan-Dividend;10.8120;10.8120;10.8120;15-Dec-2014
127426;Mirae Asset Fixed Maturity Plan-Series-I-368 Days-Direct Plan-Dividend;10.8136;10.8136;10.8136;16-Dec-2014
127426;Mirae Asset Fixed Maturity Plan-Series-I-368 Days-Direct Plan-Dividend;10.8156;10.8156;10.8156;17-Dec-2014
127426;Mirae Asset Fixed Maturity Plan-Series-I-368 Days-Direct Plan-Dividend;10.8180;10.8180;10.8180;18-Dec-2014
127426;Mirae Asset Fixed Maturity Plan-Series-I-368 Days-Direct Plan-Dividend;10.8204;10.8204;10.8204;19-Dec-2014
127426;Mirae Asset Fixed Maturity Plan-Series-I-368 Days-Direct Plan-Dividend;10.8271;10.8271;10.8271;22-Dec-2014
127426;Mirae Asset Fixed Maturity Plan-Series-I-368 Days-Direct Plan-Dividend;10.8294;10.8294;10.8294;23-Dec-2014
127426;Mirae Asset Fixed Maturity Plan-Series-I-368 Days-Direct Plan-Dividend;10.8318;10.8318;10.8318;24-Dec-2014
127426;Mirae Asset Fixed Maturity Plan-Series-I-368 Days-Direct Plan-Dividend;10.8369;10.8369;10.8369;26-Dec-2014
127426;Mirae Asset Fixed Maturity Plan-Series-I-368 Days-Direct Plan-Dividend;10.8444;10.8444;10.8444;29-Dec-2014
127426;Mirae Asset Fixed Maturity Plan-Series-I-368 Days-Direct Plan-Dividend;10.8469;10.8469;10.8469;30-Dec-2014
127426;Mirae Asset Fixed Maturity Plan-Series-I-368 Days-Direct Plan-Dividend;10.8494;10.8494;10.8494;31-Dec-2014
127426;Mirae Asset Fixed Maturity Plan-Series-I-368 Days-Direct Plan-Dividend;10.8519;10.8519;10.8519;01-Jan-2015
127426;Mirae Asset Fixed Maturity Plan-Series-I-368 Days-Direct Plan-Dividend;10.8544;10.8544;10.8544;02-Jan-2015
127426;Mirae Asset Fixed Maturity Plan-Series-I-368 Days-Direct Plan-Dividend;10.8619;10.8619;10.8619;05-Jan-2015
127426;Mirae Asset Fixed Maturity Plan-Series-I-368 Days-Direct Plan-Dividend;10.8644;10.8644;10.8644;06-Jan-2015
127426;Mirae Asset Fixed Maturity Plan-Series-I-368 Days-Direct Plan-Dividend;10.8669;10.8669;10.8669;07-Jan-2015
127426;Mirae Asset Fixed Maturity Plan-Series-I-368 Days-Direct Plan-Dividend;10.8695;10.8695;10.8695;08-Jan-2015
127426;Mirae Asset Fixed Maturity Plan-Series-I-368 Days-Direct Plan-Dividend;10.8720;10.8720;10.8720;09-Jan-2015
127426;Mirae Asset Fixed Maturity Plan-Series-I-368 Days-Direct Plan-Dividend;10.8795;10.8795;10.8795;12-Jan-2015
127426;Mirae Asset Fixed Maturity Plan-Series-I-368 Days-Direct Plan-Dividend;10.8822;10.8822;10.8822;13-Jan-2015
127426;Mirae Asset Fixed Maturity Plan-Series-I-368 Days-Direct Plan-Dividend;10.8837;10.8837;10.8837;14-Jan-2015
127426;Mirae Asset Fixed Maturity Plan-Series-I-368 Days-Direct Plan-Dividend;10.8862;10.8862;10.8862;15-Jan-2015
127426;Mirae Asset Fixed Maturity Plan-Series-I-368 Days-Direct Plan-Dividend;10.8888;10.8888;10.8888;16-Jan-2015
127426;Mirae Asset Fixed Maturity Plan-Series-I-368 Days-Direct Plan-Dividend;10.8963;10.8963;10.8963;19-Jan-2015
127426;Mirae Asset Fixed Maturity Plan-Series-I-368 Days-Direct Plan-Dividend;10.8989;10.8989;10.8989;20-Jan-2015
127426;Mirae Asset Fixed Maturity Plan-Series-I-368 Days-Direct Plan-Dividend;10.9014;10.9014;10.9014;21-Jan-2015
127426;Mirae Asset Fixed Maturity Plan-Series-I-368 Days-Direct Plan-Dividend;10.9039;10.9039;10.9039;22-Jan-2015
127426;Mirae Asset Fixed Maturity Plan-Series-I-368 Days-Direct Plan-Dividend;10.9065;10.9065;10.9065;23-Jan-2015
127426;Mirae Asset Fixed Maturity Plan-Series-I-368 Days-Direct Plan-Dividend;10.9166;10.9166;10.9166;27-Jan-2015
127426;Mirae Asset Fixed Maturity Plan-Series-I-368 Days-Direct Plan-Dividend;10.9191;10.9191;10.9191;28-Jan-2015
127426;Mirae Asset Fixed Maturity Plan-Series-I-368 Days-Direct Plan-Dividend;10.9216;10.9216;10.9216;29-Jan-2015
127426;Mirae Asset Fixed Maturity Plan-Series-I-368 Days-Direct Plan-Dividend;10.9242;10.9242;10.9242;30-Jan-2015
127426;Mirae Asset Fixed Maturity Plan-Series-I-368 Days-Direct Plan-Dividend;10.9318;10.9318;10.9318;02-Feb-2015
127426;Mirae Asset Fixed Maturity Plan-Series-I-368 Days-Direct Plan-Dividend;10.9343;10.9343;10.9343;03-Feb-2015
127426;Mirae Asset Fixed Maturity Plan-Series-I-368 Days-Direct Plan-Dividend;10.9368;10.9368;10.9368;04-Feb-2015
127426;Mirae Asset Fixed Maturity Plan-Series-I-368 Days-Direct Plan-Dividend;10.9393;10.9393;10.9393;05-Feb-2015
127426;Mirae Asset Fixed Maturity Plan-Series-I-368 Days-Direct Plan-Dividend;10.9419;10.9419;10.9419;06-Feb-2015
127426;Mirae Asset Fixed Maturity Plan-Series-I-368 Days-Direct Plan-Dividend;10.9495;10.9495;10.9495;09-Feb-2015
127426;Mirae Asset Fixed Maturity Plan-Series-I-368 Days-Direct Plan-Dividend;10.9520;10.9520;10.9520;10-Feb-2015
127426;Mirae Asset Fixed Maturity Plan-Series-I-368 Days-Direct Plan-Dividend;10.9545;10.9545;10.9545;11-Feb-2015
127426;Mirae Asset Fixed Maturity Plan-Series-I-368 Days-Direct Plan-Dividend;10.9570;10.9570;10.9570;12-Feb-2015
127426;Mirae Asset Fixed Maturity Plan-Series-I-368 Days-Direct Plan-Dividend;10.9596;10.9596;10.9596;13-Feb-2015
127426;Mirae Asset Fixed Maturity Plan-Series-I-368 Days-Direct Plan-Dividend;10.9672;10.9672;10.9672;16-Feb-2015
127426;Mirae Asset Fixed Maturity Plan-Series-I-368 Days-Direct Plan-Dividend;10.9722;10.9722;10.9722;18-Feb-2015
127426;Mirae Asset Fixed Maturity Plan-Series-I-368 Days-Direct Plan-Dividend;10.9772;10.9772;10.9772;20-Feb-2015
127426;Mirae Asset Fixed Maturity Plan-Series-I-368 Days-Direct Plan-Dividend;10.0000;10.0000;10.0000;23-Feb-2015
127425;Mirae Asset Fixed Maturity Plan-Series-I-368 Days-Direct Plan-Growth;10.0083;10.0083;10.0083;24-Feb-2014
127425;Mirae Asset Fixed Maturity Plan-Series-I-368 Days-Direct Plan-Growth;10.0100;10.0100;10.0100;25-Feb-2014
127425;Mirae Asset Fixed Maturity Plan-Series-I-368 Days-Direct Plan-Growth;10.0063;10.0063;10.0063;26-Feb-2014
127425;Mirae Asset Fixed Maturity Plan-Series-I-368 Days-Direct Plan-Growth;10.0078;10.0078;10.0078;28-Feb-2014
127425;Mirae Asset Fixed Maturity Plan-Series-I-368 Days-Direct Plan-Growth;10.0066;10.0066;10.0066;03-Mar-2014
127425;Mirae Asset Fixed Maturity Plan-Series-I-368 Days-Direct Plan-Growth;10.0059;10.0059;10.0059;04-Mar-2014
127425;Mirae Asset Fixed Maturity Plan-Series-I-368 Days-Direct Plan-Growth;10.0226;10.0226;10.0226;05-Mar-2014
127425;Mirae Asset Fixed Maturity Plan-Series-I-368 Days-Direct Plan-Growth;10.0258;10.0258;10.0258;06-Mar-2014
127425;Mirae Asset Fixed Maturity Plan-Series-I-368 Days-Direct Plan-Growth;10.0370;10.0370;10.0370;07-Mar-2014
127425;Mirae Asset Fixed Maturity Plan-Series-I-368 Days-Direct Plan-Growth;10.0457;10.0457;10.0457;10-Mar-2014
127425;Mirae Asset Fixed Maturity Plan-Series-I-368 Days-Direct Plan-Growth;10.0557;10.0557;10.0557;11-Mar-2014
127425;Mirae Asset Fixed Maturity Plan-Series-I-368 Days-Direct Plan-Growth;10.0583;10.0583;10.0583;12-Mar-2014
127425;Mirae Asset Fixed Maturity Plan-Series-I-368 Days-Direct Plan-Growth;10.0602;10.0602;10.0602;13-Mar-2014
127425;Mirae Asset Fixed Maturity Plan-Series-I-368 Days-Direct Plan-Growth;10.0697;10.0697;10.0697;14-Mar-2014
127425;Mirae Asset Fixed Maturity Plan-Series-I-368 Days-Direct Plan-Growth;10.0819;10.0819;10.0819;18-Mar-2014
127425;Mirae Asset Fixed Maturity Plan-Series-I-368 Days-Direct Plan-Growth;10.0852;10.0852;10.0852;19-Mar-2014
127425;Mirae Asset Fixed Maturity Plan-Series-I-368 Days-Direct Plan-Growth;10.0914;10.0914;10.0914;20-Mar-2014
127425;Mirae Asset Fixed Maturity Plan-Series-I-368 Days-Direct Plan-Growth;10.1054;10.1054;10.1054;21-Mar-2014
127425;Mirae Asset Fixed Maturity Plan-Series-I-368 Days-Direct Plan-Growth;10.1180;10.1180;10.1180;24-Mar-2014
127425;Mirae Asset Fixed Maturity Plan-Series-I-368 Days-Direct Plan-Growth;10.1193;10.1193;10.1193;25-Mar-2014
127425;Mirae Asset Fixed Maturity Plan-Series-I-368 Days-Direct Plan-Growth;10.1190;10.1190;10.1190;26-Mar-2014
127425;Mirae Asset Fixed Maturity Plan-Series-I-368 Days-Direct Plan-Growth;10.1203;10.1203;10.1203;27-Mar-2014
127425;Mirae Asset Fixed Maturity Plan-Series-I-368 Days-Direct Plan-Growth;10.1342;10.1342;10.1342;28-Mar-2014
127425;Mirae Asset Fixed Maturity Plan-Series-I-368 Days-Direct Plan-Growth;10.1384;10.1384;10.1384;02-Apr-2014
127425;Mirae Asset Fixed Maturity Plan-Series-I-368 Days-Direct Plan-Growth;10.1404;10.1404;10.1404;03-Apr-2014
127425;Mirae Asset Fixed Maturity Plan-Series-I-368 Days-Direct Plan-Growth;10.1413;10.1413;10.1413;04-Apr-2014
127425;Mirae Asset Fixed Maturity Plan-Series-I-368 Days-Direct Plan-Growth;10.1479;10.1479;10.1479;07-Apr-2014
127425;Mirae Asset Fixed Maturity Plan-Series-I-368 Days-Direct Plan-Growth;10.1483;10.1483;10.1483;09-Apr-2014
127425;Mirae Asset Fixed Maturity Plan-Series-I-368 Days-Direct Plan-Growth;10.1513;10.1513;10.1513;10-Apr-2014
127425;Mirae Asset Fixed Maturity Plan-Series-I-368 Days-Direct Plan-Growth;10.1537;10.1537;10.1537;11-Apr-2014
127425;Mirae Asset Fixed Maturity Plan-Series-I-368 Days-Direct Plan-Growth;10.1643;10.1643;10.1643;15-Apr-2014
127425;Mirae Asset Fixed Maturity Plan-Series-I-368 Days-Direct Plan-Growth;10.1679;10.1679;10.1679;16-Apr-2014
127425;Mirae Asset Fixed Maturity Plan-Series-I-368 Days-Direct Plan-Growth;10.1735;10.1735;10.1735;17-Apr-2014
127425;Mirae Asset Fixed Maturity Plan-Series-I-368 Days-Direct Plan-Growth;10.1831;10.1831;10.1831;21-Apr-2014
127425;Mirae Asset Fixed Maturity Plan-Series-I-368 Days-Direct Plan-Growth;10.1847;10.1847;10.1847;22-Apr-2014
127425;Mirae Asset Fixed Maturity Plan-Series-I-368 Days-Direct Plan-Growth;10.1873;10.1873;10.1873;23-Apr-2014
127425;Mirae Asset Fixed Maturity Plan-Series-I-368 Days-Direct Plan-Growth;10.1917;10.1917;10.1917;25-Apr-2014
127425;Mirae Asset Fixed Maturity Plan-Series-I-368 Days-Direct Plan-Growth;10.1974;10.1974;10.1974;28-Apr-2014
127425;Mirae Asset Fixed Maturity Plan-Series-I-368 Days-Direct Plan-Growth;10.1992;10.1992;10.1992;29-Apr-2014
127425;Mirae Asset Fixed Maturity Plan-Series-I-368 Days-Direct Plan-Growth;10.2034;10.2034;10.2034;30-Apr-2014
127425;Mirae Asset Fixed Maturity Plan-Series-I-368 Days-Direct Plan-Growth;10.2080;10.2080;10.2080;02-May-2014
127425;Mirae Asset Fixed Maturity Plan-Series-I-368 Days-Direct Plan-Growth;10.2155;10.2155;10.2155;05-May-2014
127425;Mirae Asset Fixed Maturity Plan-Series-I-368 Days-Direct Plan-Growth;10.2195;10.2195;10.2195;06-May-2014
127425;Mirae Asset Fixed Maturity Plan-Series-I-368 Days-Direct Plan-Growth;10.2220;10.2220;10.2220;07-May-2014
127425;Mirae Asset Fixed Maturity Plan-Series-I-368 Days-Direct Plan-Growth;10.2268;10.2268;10.2268;08-May-2014
127425;Mirae Asset Fixed Maturity Plan-Series-I-368 Days-Direct Plan-Growth;10.2312;10.2312;10.2312;09-May-2014
127425;Mirae Asset Fixed Maturity Plan-Series-I-368 Days-Direct Plan-Growth;10.2418;10.2418;10.2418;12-May-2014
127425;Mirae Asset Fixed Maturity Plan-Series-I-368 Days-Direct Plan-Growth;10.2429;10.2429;10.2429;13-May-2014
127425;Mirae Asset Fixed Maturity Plan-Series-I-368 Days-Direct Plan-Growth;10.2501;10.2501;10.2501;15-May-2014
127425;Mirae Asset Fixed Maturity Plan-Series-I-368 Days-Direct Plan-Growth;10.2566;10.2566;10.2566;16-May-2014
127425;Mirae Asset Fixed Maturity Plan-Series-I-368 Days-Direct Plan-Growth;10.2623;10.2623;10.2623;19-May-2014
127425;Mirae Asset Fixed Maturity Plan-Series-I-368 Days-Direct Plan-Growth;10.2659;10.2659;10.2659;20-May-2014
127425;Mirae Asset Fixed Maturity Plan-Series-I-368 Days-Direct Plan-Growth;10.2706;10.2706;10.2706;21-May-2014
127425;Mirae Asset Fixed Maturity Plan-Series-I-368 Days-Direct Plan-Growth;10.2758;10.2758;10.2758;22-May-2014
127425;Mirae Asset Fixed Maturity Plan-Series-I-368 Days-Direct Plan-Growth;10.2790;10.2790;10.2790;23-May-2014
127425;Mirae Asset Fixed Maturity Plan-Series-I-368 Days-Direct Plan-Growth;10.2869;10.2869;10.2869;26-May-2014
127425;Mirae Asset Fixed Maturity Plan-Series-I-368 Days-Direct Plan-Growth;10.2882;10.2882;10.2882;27-May-2014
127425;Mirae Asset Fixed Maturity Plan-Series-I-368 Days-Direct Plan-Growth;10.2892;10.2892;10.2892;28-May-2014
127425;Mirae Asset Fixed Maturity Plan-Series-I-368 Days-Direct Plan-Growth;10.2926;10.2926;10.2926;29-May-2014
127425;Mirae Asset Fixed Maturity Plan-Series-I-368 Days-Direct Plan-Growth;10.2982;10.2982;10.2982;30-May-2014
127425;Mirae Asset Fixed Maturity Plan-Series-I-368 Days-Direct Plan-Growth;10.3037;10.3037;10.3037;02-Jun-2014
127425;Mirae Asset Fixed Maturity Plan-Series-I-368 Days-Direct Plan-Growth;10.3100;10.3100;10.3100;03-Jun-2014
127425;Mirae Asset Fixed Maturity Plan-Series-I-368 Days-Direct Plan-Growth;10.3171;10.3171;10.3171;04-Jun-2014
127425;Mirae Asset Fixed Maturity Plan-Series-I-368 Days-Direct Plan-Growth;10.3212;10.3212;10.3212;05-Jun-2014
127425;Mirae Asset Fixed Maturity Plan-Series-I-368 Days-Direct Plan-Growth;10.3251;10.3251;10.3251;06-Jun-2014
127425;Mirae Asset Fixed Maturity Plan-Series-I-368 Days-Direct Plan-Growth;10.3308;10.3308;10.3308;09-Jun-2014
127425;Mirae Asset Fixed Maturity Plan-Series-I-368 Days-Direct Plan-Growth;10.3322;10.3322;10.3322;10-Jun-2014
127425;Mirae Asset Fixed Maturity Plan-Series-I-368 Days-Direct Plan-Growth;10.3352;10.3352;10.3352;11-Jun-2014
127425;Mirae Asset Fixed Maturity Plan-Series-I-368 Days-Direct Plan-Growth;10.3387;10.3387;10.3387;12-Jun-2014
127425;Mirae Asset Fixed Maturity Plan-Series-I-368 Days-Direct Plan-Growth;10.3397;10.3397;10.3397;13-Jun-2014
127425;Mirae Asset Fixed Maturity Plan-Series-I-368 Days-Direct Plan-Growth;10.3440;10.3440;10.3440;16-Jun-2014
127425;Mirae Asset Fixed Maturity Plan-Series-I-368 Days-Direct Plan-Growth;10.3459;10.3459;10.3459;17-Jun-2014
127425;Mirae Asset Fixed Maturity Plan-Series-I-368 Days-Direct Plan-Growth;10.3488;10.3488;10.3488;18-Jun-2014
127425;Mirae Asset Fixed Maturity Plan-Series-I-368 Days-Direct Plan-Growth;10.3512;10.3512;10.3512;19-Jun-2014
127425;Mirae Asset Fixed Maturity Plan-Series-I-368 Days-Direct Plan-Growth;10.3532;10.3532;10.3532;20-Jun-2014
127425;Mirae Asset Fixed Maturity Plan-Series-I-368 Days-Direct Plan-Growth;10.3594;10.3594;10.3594;23-Jun-2014
127425;Mirae Asset Fixed Maturity Plan-Series-I-368 Days-Direct Plan-Growth;10.3619;10.3619;10.3619;24-Jun-2014
127425;Mirae Asset Fixed Maturity Plan-Series-I-368 Days-Direct Plan-Growth;10.3642;10.3642;10.3642;25-Jun-2014
127425;Mirae Asset Fixed Maturity Plan-Series-I-368 Days-Direct Plan-Growth;10.3675;10.3675;10.3675;26-Jun-2014
127425;Mirae Asset Fixed Maturity Plan-Series-I-368 Days-Direct Plan-Growth;10.3704;10.3704;10.3704;27-Jun-2014
127425;Mirae Asset Fixed Maturity Plan-Series-I-368 Days-Direct Plan-Growth;10.3811;10.3811;10.3811;30-Jun-2014
127425;Mirae Asset Fixed Maturity Plan-Series-I-368 Days-Direct Plan-Growth;10.3872;10.3872;10.3872;02-Jul-2014
127425;Mirae Asset Fixed Maturity Plan-Series-I-368 Days-Direct Plan-Growth;10.3901;10.3901;10.3901;03-Jul-2014
127425;Mirae Asset Fixed Maturity Plan-Series-I-368 Days-Direct Plan-Growth;10.3936;10.3936;10.3936;04-Jul-2014
127425;Mirae Asset Fixed Maturity Plan-Series-I-368 Days-Direct Plan-Growth;10.4007;10.4007;10.4007;07-Jul-2014
127425;Mirae Asset Fixed Maturity Plan-Series-I-368 Days-Direct Plan-Growth;10.4024;10.4024;10.4024;08-Jul-2014
127425;Mirae Asset Fixed Maturity Plan-Series-I-368 Days-Direct Plan-Growth;10.4038;10.4038;10.4038;09-Jul-2014
127425;Mirae Asset Fixed Maturity Plan-Series-I-368 Days-Direct Plan-Growth;10.4040;10.4040;10.4040;10-Jul-2014
127425;Mirae Asset Fixed Maturity Plan-Series-I-368 Days-Direct Plan-Growth;10.3961;10.3961;10.3961;11-Jul-2014
127425;Mirae Asset Fixed Maturity Plan-Series-I-368 Days-Direct Plan-Growth;10.4034;10.4034;10.4034;14-Jul-2014
127425;Mirae Asset Fixed Maturity Plan-Series-I-368 Days-Direct Plan-Growth;10.4074;10.4074;10.4074;15-Jul-2014
127425;Mirae Asset Fixed Maturity Plan-Series-I-368 Days-Direct Plan-Growth;10.4115;10.4115;10.4115;16-Jul-2014
127425;Mirae Asset Fixed Maturity Plan-Series-I-368 Days-Direct Plan-Growth;10.4150;10.4150;10.4150;17-Jul-2014
127425;Mirae Asset Fixed Maturity Plan-Series-I-368 Days-Direct Plan-Growth;10.4183;10.4183;10.4183;18-Jul-2014
127425;Mirae Asset Fixed Maturity Plan-Series-I-368 Days-Direct Plan-Growth;10.4258;10.4258;10.4258;21-Jul-2014
127425;Mirae Asset Fixed Maturity Plan-Series-I-368 Days-Direct Plan-Growth;10.4283;10.4283;10.4283;22-Jul-2014
127425;Mirae Asset Fixed Maturity Plan-Series-I-368 Days-Direct Plan-Growth;10.4303;10.4303;10.4303;23-Jul-2014
127425;Mirae Asset Fixed Maturity Plan-Series-I-368 Days-Direct Plan-Growth;10.4311;10.4311;10.4311;24-Jul-2014
127425;Mirae Asset Fixed Maturity Plan-Series-I-368 Days-Direct Plan-Growth;10.4343;10.4343;10.4343;25-Jul-2014
127425;Mirae Asset Fixed Maturity Plan-Series-I-368 Days-Direct Plan-Growth;10.4407;10.4407;10.4407;28-Jul-2014
127425;Mirae Asset Fixed Maturity Plan-Series-I-368 Days-Direct Plan-Growth;10.4467;10.4467;10.4467;30-Jul-2014
127425;Mirae Asset Fixed Maturity Plan-Series-I-368 Days-Direct Plan-Growth;10.4479;10.4479;10.4479;31-Jul-2014
127425;Mirae Asset Fixed Maturity Plan-Series-I-368 Days-Direct Plan-Growth;10.4500;10.4500;10.4500;01-Aug-2014
127425;Mirae Asset Fixed Maturity Plan-Series-I-368 Days-Direct Plan-Growth;10.4575;10.4575;10.4575;04-Aug-2014
127425;Mirae Asset Fixed Maturity Plan-Series-I-368 Days-Direct Plan-Growth;10.4610;10.4610;10.4610;05-Aug-2014
127425;Mirae Asset Fixed Maturity Plan-Series-I-368 Days-Direct Plan-Growth;10.4616;10.4616;10.4616;06-Aug-2014
127425;Mirae Asset Fixed Maturity Plan-Series-I-368 Days-Direct Plan-Growth;10.4632;10.4632;10.4632;07-Aug-2014
127425;Mirae Asset Fixed Maturity Plan-Series-I-368 Days-Direct Plan-Growth;10.4649;10.4649;10.4649;08-Aug-2014
127425;Mirae Asset Fixed Maturity Plan-Series-I-368 Days-Direct Plan-Growth;10.4713;10.4713;10.4713;11-Aug-2014
127425;Mirae Asset Fixed Maturity Plan-Series-I-368 Days-Direct Plan-Growth;10.4744;10.4744;10.4744;12-Aug-2014
127425;Mirae Asset Fixed Maturity Plan-Series-I-368 Days-Direct Plan-Growth;10.4762;10.4762;10.4762;13-Aug-2014
127425;Mirae Asset Fixed Maturity Plan-Series-I-368 Days-Direct Plan-Growth;10.4783;10.4783;10.4783;14-Aug-2014
127425;Mirae Asset Fixed Maturity Plan-Series-I-368 Days-Direct Plan-Growth;10.4910;10.4910;10.4910;19-Aug-2014
127425;Mirae Asset Fixed Maturity Plan-Series-I-368 Days-Direct Plan-Growth;10.4931;10.4931;10.4931;20-Aug-2014
127425;Mirae Asset Fixed Maturity Plan-Series-I-368 Days-Direct Plan-Growth;10.4988;10.4988;10.4988;21-Aug-2014
127425;Mirae Asset Fixed Maturity Plan-Series-I-368 Days-Direct Plan-Growth;10.5032;10.5032;10.5032;22-Aug-2014
127425;Mirae Asset Fixed Maturity Plan-Series-I-368 Days-Direct Plan-Growth;10.5112;10.5112;10.5112;25-Aug-2014
127425;Mirae Asset Fixed Maturity Plan-Series-I-368 Days-Direct Plan-Growth;10.5155;10.5155;10.5155;26-Aug-2014
127425;Mirae Asset Fixed Maturity Plan-Series-I-368 Days-Direct Plan-Growth;10.5185;10.5185;10.5185;27-Aug-2014
127425;Mirae Asset Fixed Maturity Plan-Series-I-368 Days-Direct Plan-Growth;10.5209;10.5209;10.5209;28-Aug-2014
127425;Mirae Asset Fixed Maturity Plan-Series-I-368 Days-Direct Plan-Growth;10.5307;10.5307;10.5307;01-Sep-2014
127425;Mirae Asset Fixed Maturity Plan-Series-I-368 Days-Direct Plan-Growth;10.5329;10.5329;10.5329;02-Sep-2014
127425;Mirae Asset Fixed Maturity Plan-Series-I-368 Days-Direct Plan-Growth;10.5358;10.5358;10.5358;03-Sep-2014
127425;Mirae Asset Fixed Maturity Plan-Series-I-368 Days-Direct Plan-Growth;10.5384;10.5384;10.5384;04-Sep-2014
127425;Mirae Asset Fixed Maturity Plan-Series-I-368 Days-Direct Plan-Growth;10.5413;10.5413;10.5413;05-Sep-2014
127425;Mirae Asset Fixed Maturity Plan-Series-I-368 Days-Direct Plan-Growth;10.5488;10.5488;10.5488;08-Sep-2014
127425;Mirae Asset Fixed Maturity Plan-Series-I-368 Days-Direct Plan-Growth;10.5508;10.5508;10.5508;09-Sep-2014
127425;Mirae Asset Fixed Maturity Plan-Series-I-368 Days-Direct Plan-Growth;10.5531;10.5531;10.5531;10-Sep-2014
127425;Mirae Asset Fixed Maturity Plan-Series-I-368 Days-Direct Plan-Growth;10.5554;10.5554;10.5554;11-Sep-2014
127425;Mirae Asset Fixed Maturity Plan-Series-I-368 Days-Direct Plan-Growth;10.5581;10.5581;10.5581;12-Sep-2014
127425;Mirae Asset Fixed Maturity Plan-Series-I-368 Days-Direct Plan-Growth;10.5656;10.5656;10.5656;15-Sep-2014
127425;Mirae Asset Fixed Maturity Plan-Series-I-368 Days-Direct Plan-Growth;10.5682;10.5682;10.5682;16-Sep-2014
127425;Mirae Asset Fixed Maturity Plan-Series-I-368 Days-Direct Plan-Growth;10.5706;10.5706;10.5706;17-Sep-2014
127425;Mirae Asset Fixed Maturity Plan-Series-I-368 Days-Direct Plan-Growth;10.5740;10.5740;10.5740;18-Sep-2014
127425;Mirae Asset Fixed Maturity Plan-Series-I-368 Days-Direct Plan-Growth;10.5769;10.5769;10.5769;19-Sep-2014
127425;Mirae Asset Fixed Maturity Plan-Series-I-368 Days-Direct Plan-Growth;10.5848;10.5848;10.5848;22-Sep-2014
127425;Mirae Asset Fixed Maturity Plan-Series-I-368 Days-Direct Plan-Growth;10.5873;10.5873;10.5873;23-Sep-2014
127425;Mirae Asset Fixed Maturity Plan-Series-I-368 Days-Direct Plan-Growth;10.5898;10.5898;10.5898;24-Sep-2014
127425;Mirae Asset Fixed Maturity Plan-Series-I-368 Days-Direct Plan-Growth;10.5924;10.5924;10.5924;25-Sep-2014
127425;Mirae Asset Fixed Maturity Plan-Series-I-368 Days-Direct Plan-Growth;10.5948;10.5948;10.5948;26-Sep-2014
127425;Mirae Asset Fixed Maturity Plan-Series-I-368 Days-Direct Plan-Growth;10.6026;10.6026;10.6026;29-Sep-2014
127425;Mirae Asset Fixed Maturity Plan-Series-I-368 Days-Direct Plan-Growth;10.6074;10.6074;10.6074;30-Sep-2014
127425;Mirae Asset Fixed Maturity Plan-Series-I-368 Days-Direct Plan-Growth;10.6112;10.6112;10.6112;01-Oct-2014
127425;Mirae Asset Fixed Maturity Plan-Series-I-368 Days-Direct Plan-Growth;10.6274;10.6274;10.6274;07-Oct-2014
127425;Mirae Asset Fixed Maturity Plan-Series-I-368 Days-Direct Plan-Growth;10.6322;10.6322;10.6322;08-Oct-2014
127425;Mirae Asset Fixed Maturity Plan-Series-I-368 Days-Direct Plan-Growth;10.6350;10.6350;10.6350;09-Oct-2014
127425;Mirae Asset Fixed Maturity Plan-Series-I-368 Days-Direct Plan-Growth;10.6376;10.6376;10.6376;10-Oct-2014
127425;Mirae Asset Fixed Maturity Plan-Series-I-368 Days-Direct Plan-Growth;10.6458;10.6458;10.6458;13-Oct-2014
127425;Mirae Asset Fixed Maturity Plan-Series-I-368 Days-Direct Plan-Growth;10.6481;10.6481;10.6481;14-Oct-2014
127425;Mirae Asset Fixed Maturity Plan-Series-I-368 Days-Direct Plan-Growth;10.6535;10.6535;10.6535;16-Oct-2014
127425;Mirae Asset Fixed Maturity Plan-Series-I-368 Days-Direct Plan-Growth;10.6567;10.6567;10.6567;17-Oct-2014
127425;Mirae Asset Fixed Maturity Plan-Series-I-368 Days-Direct Plan-Growth;10.6650;10.6650;10.6650;20-Oct-2014
127425;Mirae Asset Fixed Maturity Plan-Series-I-368 Days-Direct Plan-Growth;10.6675;10.6675;10.6675;21-Oct-2014
127425;Mirae Asset Fixed Maturity Plan-Series-I-368 Days-Direct Plan-Growth;10.6696;10.6696;10.6696;22-Oct-2014
127425;Mirae Asset Fixed Maturity Plan-Series-I-368 Days-Direct Plan-Growth;10.6831;10.6831;10.6831;27-Oct-2014
127425;Mirae Asset Fixed Maturity Plan-Series-I-368 Days-Direct Plan-Growth;10.6868;10.6868;10.6868;28-Oct-2014
127425;Mirae Asset Fixed Maturity Plan-Series-I-368 Days-Direct Plan-Growth;10.6896;10.6896;10.6896;29-Oct-2014
127425;Mirae Asset Fixed Maturity Plan-Series-I-368 Days-Direct Plan-Growth;10.6930;10.6930;10.6930;30-Oct-2014
127425;Mirae Asset Fixed Maturity Plan-Series-I-368 Days-Direct Plan-Growth;10.6961;10.6961;10.6961;31-Oct-2014
127425;Mirae Asset Fixed Maturity Plan-Series-I-368 Days-Direct Plan-Growth;10.7049;10.7049;10.7049;03-Nov-2014
127425;Mirae Asset Fixed Maturity Plan-Series-I-368 Days-Direct Plan-Growth;10.7114;10.7114;10.7114;05-Nov-2014
127425;Mirae Asset Fixed Maturity Plan-Series-I-368 Days-Direct Plan-Growth;10.7173;10.7173;10.7173;07-Nov-2014
127425;Mirae Asset Fixed Maturity Plan-Series-I-368 Days-Direct Plan-Growth;10.7249;10.7249;10.7249;10-Nov-2014
127425;Mirae Asset Fixed Maturity Plan-Series-I-368 Days-Direct Plan-Growth;10.7273;10.7273;10.7273;11-Nov-2014
127425;Mirae Asset Fixed Maturity Plan-Series-I-368 Days-Direct Plan-Growth;10.7295;10.7295;10.7295;12-Nov-2014
127425;Mirae Asset Fixed Maturity Plan-Series-I-368 Days-Direct Plan-Growth;10.7319;10.7319;10.7319;13-Nov-2014
127425;Mirae Asset Fixed Maturity Plan-Series-I-368 Days-Direct Plan-Growth;10.7343;10.7343;10.7343;14-Nov-2014
127425;Mirae Asset Fixed Maturity Plan-Series-I-368 Days-Direct Plan-Growth;10.7420;10.7420;10.7420;17-Nov-2014
127425;Mirae Asset Fixed Maturity Plan-Series-I-368 Days-Direct Plan-Growth;10.7446;10.7446;10.7446;18-Nov-2014
127425;Mirae Asset Fixed Maturity Plan-Series-I-368 Days-Direct Plan-Growth;10.7471;10.7471;10.7471;19-Nov-2014
127425;Mirae Asset Fixed Maturity Plan-Series-I-368 Days-Direct Plan-Growth;10.7495;10.7495;10.7495;20-Nov-2014
127425;Mirae Asset Fixed Maturity Plan-Series-I-368 Days-Direct Plan-Growth;10.7520;10.7520;10.7520;21-Nov-2014
127425;Mirae Asset Fixed Maturity Plan-Series-I-368 Days-Direct Plan-Growth;10.7591;10.7591;10.7591;24-Nov-2014
127425;Mirae Asset Fixed Maturity Plan-Series-I-368 Days-Direct Plan-Growth;10.7619;10.7619;10.7619;25-Nov-2014
127425;Mirae Asset Fixed Maturity Plan-Series-I-368 Days-Direct Plan-Growth;10.7647;10.7647;10.7647;26-Nov-2014
127425;Mirae Asset Fixed Maturity Plan-Series-I-368 Days-Direct Plan-Growth;10.7670;10.7670;10.7670;27-Nov-2014
127425;Mirae Asset Fixed Maturity Plan-Series-I-368 Days-Direct Plan-Growth;10.7698;10.7698;10.7698;28-Nov-2014
127425;Mirae Asset Fixed Maturity Plan-Series-I-368 Days-Direct Plan-Growth;10.7780;10.7780;10.7780;01-Dec-2014
127425;Mirae Asset Fixed Maturity Plan-Series-I-368 Days-Direct Plan-Growth;10.7806;10.7806;10.7806;02-Dec-2014
127425;Mirae Asset Fixed Maturity Plan-Series-I-368 Days-Direct Plan-Growth;10.7831;10.7831;10.7831;03-Dec-2014
127425;Mirae Asset Fixed Maturity Plan-Series-I-368 Days-Direct Plan-Growth;10.7853;10.7853;10.7853;04-Dec-2014
127425;Mirae Asset Fixed Maturity Plan-Series-I-368 Days-Direct Plan-Growth;10.7879;10.7879;10.7879;05-Dec-2014
127425;Mirae Asset Fixed Maturity Plan-Series-I-368 Days-Direct Plan-Growth;10.7951;10.7951;10.7951;08-Dec-2014
127425;Mirae Asset Fixed Maturity Plan-Series-I-368 Days-Direct Plan-Growth;10.7977;10.7977;10.7977;09-Dec-2014
127425;Mirae Asset Fixed Maturity Plan-Series-I-368 Days-Direct Plan-Growth;10.8001;10.8001;10.8001;10-Dec-2014
127425;Mirae Asset Fixed Maturity Plan-Series-I-368 Days-Direct Plan-Growth;10.8022;10.8022;10.8022;11-Dec-2014
127425;Mirae Asset Fixed Maturity Plan-Series-I-368 Days-Direct Plan-Growth;10.8047;10.8047;10.8047;12-Dec-2014
127425;Mirae Asset Fixed Maturity Plan-Series-I-368 Days-Direct Plan-Growth;10.8120;10.8120;10.8120;15-Dec-2014
127425;Mirae Asset Fixed Maturity Plan-Series-I-368 Days-Direct Plan-Growth;10.8136;10.8136;10.8136;16-Dec-2014
127425;Mirae Asset Fixed Maturity Plan-Series-I-368 Days-Direct Plan-Growth;10.8156;10.8156;10.8156;17-Dec-2014
127425;Mirae Asset Fixed Maturity Plan-Series-I-368 Days-Direct Plan-Growth;10.8180;10.8180;10.8180;18-Dec-2014
127425;Mirae Asset Fixed Maturity Plan-Series-I-368 Days-Direct Plan-Growth;10.8204;10.8204;10.8204;19-Dec-2014
127425;Mirae Asset Fixed Maturity Plan-Series-I-368 Days-Direct Plan-Growth;10.8271;10.8271;10.8271;22-Dec-2014
127425;Mirae Asset Fixed Maturity Plan-Series-I-368 Days-Direct Plan-Growth;10.8294;10.8294;10.8294;23-Dec-2014
127425;Mirae Asset Fixed Maturity Plan-Series-I-368 Days-Direct Plan-Growth;10.8318;10.8318;10.8318;24-Dec-2014
127425;Mirae Asset Fixed Maturity Plan-Series-I-368 Days-Direct Plan-Growth;10.8369;10.8369;10.8369;26-Dec-2014
127425;Mirae Asset Fixed Maturity Plan-Series-I-368 Days-Direct Plan-Growth;10.8444;10.8444;10.8444;29-Dec-2014
127425;Mirae Asset Fixed Maturity Plan-Series-I-368 Days-Direct Plan-Growth;10.8469;10.8469;10.8469;30-Dec-2014
127425;Mirae Asset Fixed Maturity Plan-Series-I-368 Days-Direct Plan-Growth;10.8494;10.8494;10.8494;31-Dec-2014
127425;Mirae Asset Fixed Maturity Plan-Series-I-368 Days-Direct Plan-Growth;10.8519;10.8519;10.8519;01-Jan-2015
127425;Mirae Asset Fixed Maturity Plan-Series-I-368 Days-Direct Plan-Growth;10.8544;10.8544;10.8544;02-Jan-2015
127425;Mirae Asset Fixed Maturity Plan-Series-I-368 Days-Direct Plan-Growth;10.8619;10.8619;10.8619;05-Jan-2015
127425;Mirae Asset Fixed Maturity Plan-Series-I-368 Days-Direct Plan-Growth;10.8644;10.8644;10.8644;06-Jan-2015
127425;Mirae Asset Fixed Maturity Plan-Series-I-368 Days-Direct Plan-Growth;10.8669;10.8669;10.8669;07-Jan-2015
127425;Mirae Asset Fixed Maturity Plan-Series-I-368 Days-Direct Plan-Growth;10.8694;10.8694;10.8694;08-Jan-2015
127425;Mirae Asset Fixed Maturity Plan-Series-I-368 Days-Direct Plan-Growth;10.8720;10.8720;10.8720;09-Jan-2015
127425;Mirae Asset Fixed Maturity Plan-Series-I-368 Days-Direct Plan-Growth;10.8795;10.8795;10.8795;12-Jan-2015
127425;Mirae Asset Fixed Maturity Plan-Series-I-368 Days-Direct Plan-Growth;10.8822;10.8822;10.8822;13-Jan-2015
127425;Mirae Asset Fixed Maturity Plan-Series-I-368 Days-Direct Plan-Growth;10.8837;10.8837;10.8837;14-Jan-2015
127425;Mirae Asset Fixed Maturity Plan-Series-I-368 Days-Direct Plan-Growth;10.8862;10.8862;10.8862;15-Jan-2015
127425;Mirae Asset Fixed Maturity Plan-Series-I-368 Days-Direct Plan-Growth;10.8888;10.8888;10.8888;16-Jan-2015
127425;Mirae Asset Fixed Maturity Plan-Series-I-368 Days-Direct Plan-Growth;10.8963;10.8963;10.8963;19-Jan-2015
127425;Mirae Asset Fixed Maturity Plan-Series-I-368 Days-Direct Plan-Growth;10.8989;10.8989;10.8989;20-Jan-2015
127425;Mirae Asset Fixed Maturity Plan-Series-I-368 Days-Direct Plan-Growth;10.9014;10.9014;10.9014;21-Jan-2015
127425;Mirae Asset Fixed Maturity Plan-Series-I-368 Days-Direct Plan-Growth;10.9039;10.9039;10.9039;22-Jan-2015
127425;Mirae Asset Fixed Maturity Plan-Series-I-368 Days-Direct Plan-Growth;10.9065;10.9065;10.9065;23-Jan-2015
127425;Mirae Asset Fixed Maturity Plan-Series-I-368 Days-Direct Plan-Growth;10.9166;10.9166;10.9166;27-Jan-2015
127425;Mirae Asset Fixed Maturity Plan-Series-I-368 Days-Direct Plan-Growth;10.9191;10.9191;10.9191;28-Jan-2015
127425;Mirae Asset Fixed Maturity Plan-Series-I-368 Days-Direct Plan-Growth;10.9216;10.9216;10.9216;29-Jan-2015
127425;Mirae Asset Fixed Maturity Plan-Series-I-368 Days-Direct Plan-Growth;10.9242;10.9242;10.9242;30-Jan-2015
127425;Mirae Asset Fixed Maturity Plan-Series-I-368 Days-Direct Plan-Growth;10.9318;10.9318;10.9318;02-Feb-2015
127425;Mirae Asset Fixed Maturity Plan-Series-I-368 Days-Direct Plan-Growth;10.9343;10.9343;10.9343;03-Feb-2015
127425;Mirae Asset Fixed Maturity Plan-Series-I-368 Days-Direct Plan-Growth;10.9368;10.9368;10.9368;04-Feb-2015
127425;Mirae Asset Fixed Maturity Plan-Series-I-368 Days-Direct Plan-Growth;10.9393;10.9393;10.9393;05-Feb-2015
127425;Mirae Asset Fixed Maturity Plan-Series-I-368 Days-Direct Plan-Growth;10.9419;10.9419;10.9419;06-Feb-2015
127425;Mirae Asset Fixed Maturity Plan-Series-I-368 Days-Direct Plan-Growth;10.9495;10.9495;10.9495;09-Feb-2015
127425;Mirae Asset Fixed Maturity Plan-Series-I-368 Days-Direct Plan-Growth;10.9520;10.9520;10.9520;10-Feb-2015
127425;Mirae Asset Fixed Maturity Plan-Series-I-368 Days-Direct Plan-Growth;10.9545;10.9545;10.9545;11-Feb-2015
127425;Mirae Asset Fixed Maturity Plan-Series-I-368 Days-Direct Plan-Growth;10.9570;10.9570;10.9570;12-Feb-2015
127425;Mirae Asset Fixed Maturity Plan-Series-I-368 Days-Direct Plan-Growth;10.9596;10.9596;10.9596;13-Feb-2015
127425;Mirae Asset Fixed Maturity Plan-Series-I-368 Days-Direct Plan-Growth;10.9672;10.9672;10.9672;16-Feb-2015
127425;Mirae Asset Fixed Maturity Plan-Series-I-368 Days-Direct Plan-Growth;10.9722;10.9722;10.9722;18-Feb-2015
127425;Mirae Asset Fixed Maturity Plan-Series-I-368 Days-Direct Plan-Growth;10.9772;10.9772;10.9772;20-Feb-2015
127425;Mirae Asset Fixed Maturity Plan-Series-I-368 Days-Direct Plan-Growth;10.9846;10.9846;10.9846;23-Feb-2015
127412;Mirae Asset Fixed Maturity Plan-Series-I-368 Days-Regular Plan-Growth;10.0079;10.0079;10.0079;24-Feb-2014
127412;Mirae Asset Fixed Maturity Plan-Series-I-368 Days-Regular Plan-Growth;10.0094;10.0094;10.0094;25-Feb-2014
127412;Mirae Asset Fixed Maturity Plan-Series-I-368 Days-Regular Plan-Growth;10.0057;10.0057;10.0057;26-Feb-2014
127412;Mirae Asset Fixed Maturity Plan-Series-I-368 Days-Regular Plan-Growth;10.0069;10.0069;10.0069;28-Feb-2014
127412;Mirae Asset Fixed Maturity Plan-Series-I-368 Days-Regular Plan-Growth;10.0054;10.0054;10.0054;03-Mar-2014
127412;Mirae Asset Fixed Maturity Plan-Series-I-368 Days-Regular Plan-Growth;10.0047;10.0047;10.0047;04-Mar-2014
127412;Mirae Asset Fixed Maturity Plan-Series-I-368 Days-Regular Plan-Growth;10.0212;10.0212;10.0212;05-Mar-2014
127412;Mirae Asset Fixed Maturity Plan-Series-I-368 Days-Regular Plan-Growth;10.0243;10.0243;10.0243;06-Mar-2014
127412;Mirae Asset Fixed Maturity Plan-Series-I-368 Days-Regular Plan-Growth;10.0354;10.0354;10.0354;07-Mar-2014
127412;Mirae Asset Fixed Maturity Plan-Series-I-368 Days-Regular Plan-Growth;10.0438;10.0438;10.0438;10-Mar-2014
127412;Mirae Asset Fixed Maturity Plan-Series-I-368 Days-Regular Plan-Growth;10.0537;10.0537;10.0537;11-Mar-2014
127412;Mirae Asset Fixed Maturity Plan-Series-I-368 Days-Regular Plan-Growth;10.0562;10.0562;10.0562;12-Mar-2014
127412;Mirae Asset Fixed Maturity Plan-Series-I-368 Days-Regular Plan-Growth;10.0579;10.0579;10.0579;13-Mar-2014
127412;Mirae Asset Fixed Maturity Plan-Series-I-368 Days-Regular Plan-Growth;10.0673;10.0673;10.0673;14-Mar-2014
127412;Mirae Asset Fixed Maturity Plan-Series-I-368 Days-Regular Plan-Growth;10.0791;10.0791;10.0791;18-Mar-2014
127412;Mirae Asset Fixed Maturity Plan-Series-I-368 Days-Regular Plan-Growth;10.0823;10.0823;10.0823;19-Mar-2014
127412;Mirae Asset Fixed Maturity Plan-Series-I-368 Days-Regular Plan-Growth;10.0884;10.0884;10.0884;20-Mar-2014
127412;Mirae Asset Fixed Maturity Plan-Series-I-368 Days-Regular Plan-Growth;10.1022;10.1022;10.1022;21-Mar-2014
127412;Mirae Asset Fixed Maturity Plan-Series-I-368 Days-Regular Plan-Growth;10.1146;10.1146;10.1146;24-Mar-2014
127412;Mirae Asset Fixed Maturity Plan-Series-I-368 Days-Regular Plan-Growth;10.1157;10.1157;10.1157;25-Mar-2014
127412;Mirae Asset Fixed Maturity Plan-Series-I-368 Days-Regular Plan-Growth;10.1154;10.1154;10.1154;26-Mar-2014
127412;Mirae Asset Fixed Maturity Plan-Series-I-368 Days-Regular Plan-Growth;10.1165;10.1165;10.1165;27-Mar-2014
127412;Mirae Asset Fixed Maturity Plan-Series-I-368 Days-Regular Plan-Growth;10.1303;10.1303;10.1303;28-Mar-2014
127412;Mirae Asset Fixed Maturity Plan-Series-I-368 Days-Regular Plan-Growth;10.1339;10.1339;10.1339;02-Apr-2014
127412;Mirae Asset Fixed Maturity Plan-Series-I-368 Days-Regular Plan-Growth;10.1358;10.1358;10.1358;03-Apr-2014
127412;Mirae Asset Fixed Maturity Plan-Series-I-368 Days-Regular Plan-Growth;10.1366;10.1366;10.1366;04-Apr-2014
127412;Mirae Asset Fixed Maturity Plan-Series-I-368 Days-Regular Plan-Growth;10.1429;10.1429;10.1429;07-Apr-2014
127412;Mirae Asset Fixed Maturity Plan-Series-I-368 Days-Regular Plan-Growth;10.1431;10.1431;10.1431;09-Apr-2014
127412;Mirae Asset Fixed Maturity Plan-Series-I-368 Days-Regular Plan-Growth;10.1460;10.1460;10.1460;10-Apr-2014
127412;Mirae Asset Fixed Maturity Plan-Series-I-368 Days-Regular Plan-Growth;10.1483;10.1483;10.1483;11-Apr-2014
127412;Mirae Asset Fixed Maturity Plan-Series-I-368 Days-Regular Plan-Growth;10.1585;10.1585;10.1585;15-Apr-2014
127412;Mirae Asset Fixed Maturity Plan-Series-I-368 Days-Regular Plan-Growth;10.1619;10.1619;10.1619;16-Apr-2014
127412;Mirae Asset Fixed Maturity Plan-Series-I-368 Days-Regular Plan-Growth;10.1675;10.1675;10.1675;17-Apr-2014
127412;Mirae Asset Fixed Maturity Plan-Series-I-368 Days-Regular Plan-Growth;10.1766;10.1766;10.1766;21-Apr-2014
127412;Mirae Asset Fixed Maturity Plan-Series-I-368 Days-Regular Plan-Growth;10.1781;10.1781;10.1781;22-Apr-2014
127412;Mirae Asset Fixed Maturity Plan-Series-I-368 Days-Regular Plan-Growth;10.1805;10.1805;10.1805;23-Apr-2014
127412;Mirae Asset Fixed Maturity Plan-Series-I-368 Days-Regular Plan-Growth;10.1847;10.1847;10.1847;25-Apr-2014
127412;Mirae Asset Fixed Maturity Plan-Series-I-368 Days-Regular Plan-Growth;10.1901;10.1901;10.1901;28-Apr-2014
127412;Mirae Asset Fixed Maturity Plan-Series-I-368 Days-Regular Plan-Growth;10.1917;10.1917;10.1917;29-Apr-2014
127412;Mirae Asset Fixed Maturity Plan-Series-I-368 Days-Regular Plan-Growth;10.1959;10.1959;10.1959;30-Apr-2014
127412;Mirae Asset Fixed Maturity Plan-Series-I-368 Days-Regular Plan-Growth;10.2003;10.2003;10.2003;02-May-2014
127412;Mirae Asset Fixed Maturity Plan-Series-I-368 Days-Regular Plan-Growth;10.2075;10.2075;10.2075;05-May-2014
127412;Mirae Asset Fixed Maturity Plan-Series-I-368 Days-Regular Plan-Growth;10.2114;10.2114;10.2114;06-May-2014
127412;Mirae Asset Fixed Maturity Plan-Series-I-368 Days-Regular Plan-Growth;10.2137;10.2137;10.2137;07-May-2014
127412;Mirae Asset Fixed Maturity Plan-Series-I-368 Days-Regular Plan-Growth;10.2183;10.2183;10.2183;08-May-2014
127412;Mirae Asset Fixed Maturity Plan-Series-I-368 Days-Regular Plan-Growth;10.2227;10.2227;10.2227;09-May-2014
127412;Mirae Asset Fixed Maturity Plan-Series-I-368 Days-Regular Plan-Growth;10.2329;10.2329;10.2329;12-May-2014
127412;Mirae Asset Fixed Maturity Plan-Series-I-368 Days-Regular Plan-Growth;10.2340;10.2340;10.2340;13-May-2014
127412;Mirae Asset Fixed Maturity Plan-Series-I-368 Days-Regular Plan-Growth;10.2409;10.2409;10.2409;15-May-2014
127412;Mirae Asset Fixed Maturity Plan-Series-I-368 Days-Regular Plan-Growth;10.2473;10.2473;10.2473;16-May-2014
127412;Mirae Asset Fixed Maturity Plan-Series-I-368 Days-Regular Plan-Growth;10.2526;10.2526;10.2526;19-May-2014
127412;Mirae Asset Fixed Maturity Plan-Series-I-368 Days-Regular Plan-Growth;10.2561;10.2561;10.2561;20-May-2014
127412;Mirae Asset Fixed Maturity Plan-Series-I-368 Days-Regular Plan-Growth;10.2607;10.2607;10.2607;21-May-2014
127412;Mirae Asset Fixed Maturity Plan-Series-I-368 Days-Regular Plan-Growth;10.2658;10.2658;10.2658;22-May-2014
127412;Mirae Asset Fixed Maturity Plan-Series-I-368 Days-Regular Plan-Growth;10.2689;10.2689;10.2689;23-May-2014
127412;Mirae Asset Fixed Maturity Plan-Series-I-368 Days-Regular Plan-Growth;10.2765;10.2765;10.2765;26-May-2014
127412;Mirae Asset Fixed Maturity Plan-Series-I-368 Days-Regular Plan-Growth;10.2777;10.2777;10.2777;27-May-2014
127412;Mirae Asset Fixed Maturity Plan-Series-I-368 Days-Regular Plan-Growth;10.2785;10.2785;10.2785;28-May-2014
127412;Mirae Asset Fixed Maturity Plan-Series-I-368 Days-Regular Plan-Growth;10.2818;10.2818;10.2818;29-May-2014
127412;Mirae Asset Fixed Maturity Plan-Series-I-368 Days-Regular Plan-Growth;10.2873;10.2873;10.2873;30-May-2014
127412;Mirae Asset Fixed Maturity Plan-Series-I-368 Days-Regular Plan-Growth;10.2925;10.2925;10.2925;02-Jun-2014
127412;Mirae Asset Fixed Maturity Plan-Series-I-368 Days-Regular Plan-Growth;10.2987;10.2987;10.2987;03-Jun-2014
127412;Mirae Asset Fixed Maturity Plan-Series-I-368 Days-Regular Plan-Growth;10.3056;10.3056;10.3056;04-Jun-2014
127412;Mirae Asset Fixed Maturity Plan-Series-I-368 Days-Regular Plan-Growth;10.3096;10.3096;10.3096;05-Jun-2014
127412;Mirae Asset Fixed Maturity Plan-Series-I-368 Days-Regular Plan-Growth;10.3134;10.3134;10.3134;06-Jun-2014
127412;Mirae Asset Fixed Maturity Plan-Series-I-368 Days-Regular Plan-Growth;10.3188;10.3188;10.3188;09-Jun-2014
127412;Mirae Asset Fixed Maturity Plan-Series-I-368 Days-Regular Plan-Growth;10.3201;10.3201;10.3201;10-Jun-2014
127412;Mirae Asset Fixed Maturity Plan-Series-I-368 Days-Regular Plan-Growth;10.3229;10.3229;10.3229;11-Jun-2014
127412;Mirae Asset Fixed Maturity Plan-Series-I-368 Days-Regular Plan-Growth;10.3264;10.3264;10.3264;12-Jun-2014
127412;Mirae Asset Fixed Maturity Plan-Series-I-368 Days-Regular Plan-Growth;10.3272;10.3272;10.3272;13-Jun-2014
127412;Mirae Asset Fixed Maturity Plan-Series-I-368 Days-Regular Plan-Growth;10.3312;10.3312;10.3312;16-Jun-2014
127412;Mirae Asset Fixed Maturity Plan-Series-I-368 Days-Regular Plan-Growth;10.3329;10.3329;10.3329;17-Jun-2014
127412;Mirae Asset Fixed Maturity Plan-Series-I-368 Days-Regular Plan-Growth;10.3358;10.3358;10.3358;18-Jun-2014
127412;Mirae Asset Fixed Maturity Plan-Series-I-368 Days-Regular Plan-Growth;10.3380;10.3380;10.3380;19-Jun-2014
127412;Mirae Asset Fixed Maturity Plan-Series-I-368 Days-Regular Plan-Growth;10.3399;10.3399;10.3399;20-Jun-2014
127412;Mirae Asset Fixed Maturity Plan-Series-I-368 Days-Regular Plan-Growth;10.3458;10.3458;10.3458;23-Jun-2014
127412;Mirae Asset Fixed Maturity Plan-Series-I-368 Days-Regular Plan-Growth;10.3481;10.3481;10.3481;24-Jun-2014
127412;Mirae Asset Fixed Maturity Plan-Series-I-368 Days-Regular Plan-Growth;10.3504;10.3504;10.3504;25-Jun-2014
127412;Mirae Asset Fixed Maturity Plan-Series-I-368 Days-Regular Plan-Growth;10.3535;10.3535;10.3535;26-Jun-2014
127412;Mirae Asset Fixed Maturity Plan-Series-I-368 Days-Regular Plan-Growth;10.3564;10.3564;10.3564;27-Jun-2014
127412;Mirae Asset Fixed Maturity Plan-Series-I-368 Days-Regular Plan-Growth;10.3667;10.3667;10.3667;30-Jun-2014
127412;Mirae Asset Fixed Maturity Plan-Series-I-368 Days-Regular Plan-Growth;10.3725;10.3725;10.3725;02-Jul-2014
127412;Mirae Asset Fixed Maturity Plan-Series-I-368 Days-Regular Plan-Growth;10.3754;10.3754;10.3754;03-Jul-2014
127412;Mirae Asset Fixed Maturity Plan-Series-I-368 Days-Regular Plan-Growth;10.3788;10.3788;10.3788;04-Jul-2014
127412;Mirae Asset Fixed Maturity Plan-Series-I-368 Days-Regular Plan-Growth;10.3855;10.3855;10.3855;07-Jul-2014
127412;Mirae Asset Fixed Maturity Plan-Series-I-368 Days-Regular Plan-Growth;10.3871;10.3871;10.3871;08-Jul-2014
127412;Mirae Asset Fixed Maturity Plan-Series-I-368 Days-Regular Plan-Growth;10.3884;10.3884;10.3884;09-Jul-2014
127412;Mirae Asset Fixed Maturity Plan-Series-I-368 Days-Regular Plan-Growth;10.3884;10.3884;10.3884;10-Jul-2014
127412;Mirae Asset Fixed Maturity Plan-Series-I-368 Days-Regular Plan-Growth;10.3804;10.3804;10.3804;11-Jul-2014
127412;Mirae Asset Fixed Maturity Plan-Series-I-368 Days-Regular Plan-Growth;10.3874;10.3874;10.3874;14-Jul-2014
127412;Mirae Asset Fixed Maturity Plan-Series-I-368 Days-Regular Plan-Growth;10.3913;10.3913;10.3913;15-Jul-2014
127412;Mirae Asset Fixed Maturity Plan-Series-I-368 Days-Regular Plan-Growth;10.3953;10.3953;10.3953;16-Jul-2014
127412;Mirae Asset Fixed Maturity Plan-Series-I-368 Days-Regular Plan-Growth;10.3986;10.3986;10.3986;17-Jul-2014
127412;Mirae Asset Fixed Maturity Plan-Series-I-368 Days-Regular Plan-Growth;10.4019;10.4019;10.4019;18-Jul-2014
127412;Mirae Asset Fixed Maturity Plan-Series-I-368 Days-Regular Plan-Growth;10.4090;10.4090;10.4090;21-Jul-2014
127412;Mirae Asset Fixed Maturity Plan-Series-I-368 Days-Regular Plan-Growth;10.4114;10.4114;10.4114;22-Jul-2014
127412;Mirae Asset Fixed Maturity Plan-Series-I-368 Days-Regular Plan-Growth;10.4133;10.4133;10.4133;23-Jul-2014
127412;Mirae Asset Fixed Maturity Plan-Series-I-368 Days-Regular Plan-Growth;10.4140;10.4140;10.4140;24-Jul-2014
127412;Mirae Asset Fixed Maturity Plan-Series-I-368 Days-Regular Plan-Growth;10.4170;10.4170;10.4170;25-Jul-2014
127412;Mirae Asset Fixed Maturity Plan-Series-I-368 Days-Regular Plan-Growth;10.4231;10.4231;10.4231;28-Jul-2014
127412;Mirae Asset Fixed Maturity Plan-Series-I-368 Days-Regular Plan-Growth;10.4289;10.4289;10.4289;30-Jul-2014
127412;Mirae Asset Fixed Maturity Plan-Series-I-368 Days-Regular Plan-Growth;10.4299;10.4299;10.4299;31-Jul-2014
127412;Mirae Asset Fixed Maturity Plan-Series-I-368 Days-Regular Plan-Growth;10.4320;10.4320;10.4320;01-Aug-2014
127412;Mirae Asset Fixed Maturity Plan-Series-I-368 Days-Regular Plan-Growth;10.4391;10.4391;10.4391;04-Aug-2014
127412;Mirae Asset Fixed Maturity Plan-Series-I-368 Days-Regular Plan-Growth;10.4424;10.4424;10.4424;05-Aug-2014
127412;Mirae Asset Fixed Maturity Plan-Series-I-368 Days-Regular Plan-Growth;10.4430;10.4430;10.4430;06-Aug-2014
127412;Mirae Asset Fixed Maturity Plan-Series-I-368 Days-Regular Plan-Growth;10.4444;10.4444;10.4444;07-Aug-2014
127412;Mirae Asset Fixed Maturity Plan-Series-I-368 Days-Regular Plan-Growth;10.4460;10.4460;10.4460;08-Aug-2014
127412;Mirae Asset Fixed Maturity Plan-Series-I-368 Days-Regular Plan-Growth;10.4520;10.4520;10.4520;11-Aug-2014
127412;Mirae Asset Fixed Maturity Plan-Series-I-368 Days-Regular Plan-Growth;10.4550;10.4550;10.4550;12-Aug-2014
127412;Mirae Asset Fixed Maturity Plan-Series-I-368 Days-Regular Plan-Growth;10.4567;10.4567;10.4567;13-Aug-2014
127412;Mirae Asset Fixed Maturity Plan-Series-I-368 Days-Regular Plan-Growth;10.4587;10.4587;10.4587;14-Aug-2014
127412;Mirae Asset Fixed Maturity Plan-Series-I-368 Days-Regular Plan-Growth;10.4709;10.4709;10.4709;19-Aug-2014
127412;Mirae Asset Fixed Maturity Plan-Series-I-368 Days-Regular Plan-Growth;10.4728;10.4728;10.4728;20-Aug-2014
127412;Mirae Asset Fixed Maturity Plan-Series-I-368 Days-Regular Plan-Growth;10.4784;10.4784;10.4784;21-Aug-2014
127412;Mirae Asset Fixed Maturity Plan-Series-I-368 Days-Regular Plan-Growth;10.4827;10.4827;10.4827;22-Aug-2014
127412;Mirae Asset Fixed Maturity Plan-Series-I-368 Days-Regular Plan-Growth;10.4903;10.4903;10.4903;25-Aug-2014
127412;Mirae Asset Fixed Maturity Plan-Series-I-368 Days-Regular Plan-Growth;10.4945;10.4945;10.4945;26-Aug-2014
127412;Mirae Asset Fixed Maturity Plan-Series-I-368 Days-Regular Plan-Growth;10.4974;10.4974;10.4974;27-Aug-2014
127412;Mirae Asset Fixed Maturity Plan-Series-I-368 Days-Regular Plan-Growth;10.4997;10.4997;10.4997;28-Aug-2014
127412;Mirae Asset Fixed Maturity Plan-Series-I-368 Days-Regular Plan-Growth;10.5090;10.5090;10.5090;01-Sep-2014
127412;Mirae Asset Fixed Maturity Plan-Series-I-368 Days-Regular Plan-Growth;10.5111;10.5111;10.5111;02-Sep-2014
127412;Mirae Asset Fixed Maturity Plan-Series-I-368 Days-Regular Plan-Growth;10.5139;10.5139;10.5139;03-Sep-2014
127412;Mirae Asset Fixed Maturity Plan-Series-I-368 Days-Regular Plan-Growth;10.5164;10.5164;10.5164;04-Sep-2014
127412;Mirae Asset Fixed Maturity Plan-Series-I-368 Days-Regular Plan-Growth;10.5191;10.5191;10.5191;05-Sep-2014
127412;Mirae Asset Fixed Maturity Plan-Series-I-368 Days-Regular Plan-Growth;10.5263;10.5263;10.5263;08-Sep-2014
127412;Mirae Asset Fixed Maturity Plan-Series-I-368 Days-Regular Plan-Growth;10.5282;10.5282;10.5282;09-Sep-2014
127412;Mirae Asset Fixed Maturity Plan-Series-I-368 Days-Regular Plan-Growth;10.5304;10.5304;10.5304;10-Sep-2014
127412;Mirae Asset Fixed Maturity Plan-Series-I-368 Days-Regular Plan-Growth;10.5325;10.5325;10.5325;11-Sep-2014
127412;Mirae Asset Fixed Maturity Plan-Series-I-368 Days-Regular Plan-Growth;10.5351;10.5351;10.5351;12-Sep-2014
127412;Mirae Asset Fixed Maturity Plan-Series-I-368 Days-Regular Plan-Growth;10.5423;10.5423;10.5423;15-Sep-2014
127412;Mirae Asset Fixed Maturity Plan-Series-I-368 Days-Regular Plan-Growth;10.5447;10.5447;10.5447;16-Sep-2014
127412;Mirae Asset Fixed Maturity Plan-Series-I-368 Days-Regular Plan-Growth;10.5471;10.5471;10.5471;17-Sep-2014
127412;Mirae Asset Fixed Maturity Plan-Series-I-368 Days-Regular Plan-Growth;10.5503;10.5503;10.5503;18-Sep-2014
127412;Mirae Asset Fixed Maturity Plan-Series-I-368 Days-Regular Plan-Growth;10.5531;10.5531;10.5531;19-Sep-2014
127412;Mirae Asset Fixed Maturity Plan-Series-I-368 Days-Regular Plan-Growth;10.5606;10.5606;10.5606;22-Sep-2014
127412;Mirae Asset Fixed Maturity Plan-Series-I-368 Days-Regular Plan-Growth;10.5630;10.5630;10.5630;23-Sep-2014
127412;Mirae Asset Fixed Maturity Plan-Series-I-368 Days-Regular Plan-Growth;10.5654;10.5654;10.5654;24-Sep-2014
127412;Mirae Asset Fixed Maturity Plan-Series-I-368 Days-Regular Plan-Growth;10.5679;10.5679;10.5679;25-Sep-2014
127412;Mirae Asset Fixed Maturity Plan-Series-I-368 Days-Regular Plan-Growth;10.5701;10.5701;10.5701;26-Sep-2014
127412;Mirae Asset Fixed Maturity Plan-Series-I-368 Days-Regular Plan-Growth;10.5776;10.5776;10.5776;29-Sep-2014
127412;Mirae Asset Fixed Maturity Plan-Series-I-368 Days-Regular Plan-Growth;10.5823;10.5823;10.5823;30-Sep-2014
127412;Mirae Asset Fixed Maturity Plan-Series-I-368 Days-Regular Plan-Growth;10.5860;10.5860;10.5860;01-Oct-2014
127412;Mirae Asset Fixed Maturity Plan-Series-I-368 Days-Regular Plan-Growth;10.6014;10.6014;10.6014;07-Oct-2014
127412;Mirae Asset Fixed Maturity Plan-Series-I-368 Days-Regular Plan-Growth;10.6061;10.6061;10.6061;08-Oct-2014
127412;Mirae Asset Fixed Maturity Plan-Series-I-368 Days-Regular Plan-Growth;10.6088;10.6088;10.6088;09-Oct-2014
127412;Mirae Asset Fixed Maturity Plan-Series-I-368 Days-Regular Plan-Growth;10.6113;10.6113;10.6113;10-Oct-2014
127412;Mirae Asset Fixed Maturity Plan-Series-I-368 Days-Regular Plan-Growth;10.6191;10.6191;10.6191;13-Oct-2014
127412;Mirae Asset Fixed Maturity Plan-Series-I-368 Days-Regular Plan-Growth;10.6213;10.6213;10.6213;14-Oct-2014
127412;Mirae Asset Fixed Maturity Plan-Series-I-368 Days-Regular Plan-Growth;10.6265;10.6265;10.6265;16-Oct-2014
127412;Mirae Asset Fixed Maturity Plan-Series-I-368 Days-Regular Plan-Growth;10.6296;10.6296;10.6296;17-Oct-2014
127412;Mirae Asset Fixed Maturity Plan-Series-I-368 Days-Regular Plan-Growth;10.6374;10.6374;10.6374;20-Oct-2014
127412;Mirae Asset Fixed Maturity Plan-Series-I-368 Days-Regular Plan-Growth;10.6398;10.6398;10.6398;21-Oct-2014
127412;Mirae Asset Fixed Maturity Plan-Series-I-368 Days-Regular Plan-Growth;10.6419;10.6419;10.6419;22-Oct-2014
127412;Mirae Asset Fixed Maturity Plan-Series-I-368 Days-Regular Plan-Growth;10.6547;10.6547;10.6547;27-Oct-2014
127412;Mirae Asset Fixed Maturity Plan-Series-I-368 Days-Regular Plan-Growth;10.6583;10.6583;10.6583;28-Oct-2014
127412;Mirae Asset Fixed Maturity Plan-Series-I-368 Days-Regular Plan-Growth;10.6610;10.6610;10.6610;29-Oct-2014
127412;Mirae Asset Fixed Maturity Plan-Series-I-368 Days-Regular Plan-Growth;10.6642;10.6642;10.6642;30-Oct-2014
127412;Mirae Asset Fixed Maturity Plan-Series-I-368 Days-Regular Plan-Growth;10.6672;10.6672;10.6672;31-Oct-2014
127412;Mirae Asset Fixed Maturity Plan-Series-I-368 Days-Regular Plan-Growth;10.6757;10.6757;10.6757;03-Nov-2014
127412;Mirae Asset Fixed Maturity Plan-Series-I-368 Days-Regular Plan-Growth;10.6819;10.6819;10.6819;05-Nov-2014
127412;Mirae Asset Fixed Maturity Plan-Series-I-368 Days-Regular Plan-Growth;10.6876;10.6876;10.6876;07-Nov-2014
127412;Mirae Asset Fixed Maturity Plan-Series-I-368 Days-Regular Plan-Growth;10.6948;10.6948;10.6948;10-Nov-2014
127412;Mirae Asset Fixed Maturity Plan-Series-I-368 Days-Regular Plan-Growth;10.6971;10.6971;10.6971;11-Nov-2014
127412;Mirae Asset Fixed Maturity Plan-Series-I-368 Days-Regular Plan-Growth;10.6992;10.6992;10.6992;12-Nov-2014
127412;Mirae Asset Fixed Maturity Plan-Series-I-368 Days-Regular Plan-Growth;10.7014;10.7014;10.7014;13-Nov-2014
127412;Mirae Asset Fixed Maturity Plan-Series-I-368 Days-Regular Plan-Growth;10.7037;10.7037;10.7037;14-Nov-2014
127412;Mirae Asset Fixed Maturity Plan-Series-I-368 Days-Regular Plan-Growth;10.7110;10.7110;10.7110;17-Nov-2014
127412;Mirae Asset Fixed Maturity Plan-Series-I-368 Days-Regular Plan-Growth;10.7135;10.7135;10.7135;18-Nov-2014
127412;Mirae Asset Fixed Maturity Plan-Series-I-368 Days-Regular Plan-Growth;10.7159;10.7159;10.7159;19-Nov-2014
127412;Mirae Asset Fixed Maturity Plan-Series-I-368 Days-Regular Plan-Growth;10.7181;10.7181;10.7181;20-Nov-2014
127412;Mirae Asset Fixed Maturity Plan-Series-I-368 Days-Regular Plan-Growth;10.7205;10.7205;10.7205;21-Nov-2014
127412;Mirae Asset Fixed Maturity Plan-Series-I-368 Days-Regular Plan-Growth;10.7273;10.7273;10.7273;24-Nov-2014
127412;Mirae Asset Fixed Maturity Plan-Series-I-368 Days-Regular Plan-Growth;10.7300;10.7300;10.7300;25-Nov-2014
127412;Mirae Asset Fixed Maturity Plan-Series-I-368 Days-Regular Plan-Growth;10.7327;10.7327;10.7327;26-Nov-2014
127412;Mirae Asset Fixed Maturity Plan-Series-I-368 Days-Regular Plan-Growth;10.7348;10.7348;10.7348;27-Nov-2014
127412;Mirae Asset Fixed Maturity Plan-Series-I-368 Days-Regular Plan-Growth;10.7375;10.7375;10.7375;28-Nov-2014
127412;Mirae Asset Fixed Maturity Plan-Series-I-368 Days-Regular Plan-Growth;10.7454;10.7454;10.7454;01-Dec-2014
127412;Mirae Asset Fixed Maturity Plan-Series-I-368 Days-Regular Plan-Growth;10.7478;10.7478;10.7478;02-Dec-2014
127412;Mirae Asset Fixed Maturity Plan-Series-I-368 Days-Regular Plan-Growth;10.7502;10.7502;10.7502;03-Dec-2014
127412;Mirae Asset Fixed Maturity Plan-Series-I-368 Days-Regular Plan-Growth;10.7523;10.7523;10.7523;04-Dec-2014
127412;Mirae Asset Fixed Maturity Plan-Series-I-368 Days-Regular Plan-Growth;10.7547;10.7547;10.7547;05-Dec-2014
127412;Mirae Asset Fixed Maturity Plan-Series-I-368 Days-Regular Plan-Growth;10.7616;10.7616;10.7616;08-Dec-2014
127412;Mirae Asset Fixed Maturity Plan-Series-I-368 Days-Regular Plan-Growth;10.7640;10.7640;10.7640;09-Dec-2014
127412;Mirae Asset Fixed Maturity Plan-Series-I-368 Days-Regular Plan-Growth;10.7663;10.7663;10.7663;10-Dec-2014
127412;Mirae Asset Fixed Maturity Plan-Series-I-368 Days-Regular Plan-Growth;10.7684;10.7684;10.7684;11-Dec-2014
127412;Mirae Asset Fixed Maturity Plan-Series-I-368 Days-Regular Plan-Growth;10.7707;10.7707;10.7707;12-Dec-2014
127412;Mirae Asset Fixed Maturity Plan-Series-I-368 Days-Regular Plan-Growth;10.7776;10.7776;10.7776;15-Dec-2014
127412;Mirae Asset Fixed Maturity Plan-Series-I-368 Days-Regular Plan-Growth;10.7792;10.7792;10.7792;16-Dec-2014
127412;Mirae Asset Fixed Maturity Plan-Series-I-368 Days-Regular Plan-Growth;10.7810;10.7810;10.7810;17-Dec-2014
127412;Mirae Asset Fixed Maturity Plan-Series-I-368 Days-Regular Plan-Growth;10.7833;10.7833;10.7833;18-Dec-2014
127412;Mirae Asset Fixed Maturity Plan-Series-I-368 Days-Regular Plan-Growth;10.7856;10.7856;10.7856;19-Dec-2014
127412;Mirae Asset Fixed Maturity Plan-Series-I-368 Days-Regular Plan-Growth;10.7919;10.7919;10.7919;22-Dec-2014
127412;Mirae Asset Fixed Maturity Plan-Series-I-368 Days-Regular Plan-Growth;10.7941;10.7941;10.7941;23-Dec-2014
127412;Mirae Asset Fixed Maturity Plan-Series-I-368 Days-Regular Plan-Growth;10.7964;10.7964;10.7964;24-Dec-2014
127412;Mirae Asset Fixed Maturity Plan-Series-I-368 Days-Regular Plan-Growth;10.8011;10.8011;10.8011;26-Dec-2014
127412;Mirae Asset Fixed Maturity Plan-Series-I-368 Days-Regular Plan-Growth;10.8083;10.8083;10.8083;29-Dec-2014
127412;Mirae Asset Fixed Maturity Plan-Series-I-368 Days-Regular Plan-Growth;10.8107;10.8107;10.8107;30-Dec-2014
127412;Mirae Asset Fixed Maturity Plan-Series-I-368 Days-Regular Plan-Growth;10.8131;10.8131;10.8131;31-Dec-2014
127412;Mirae Asset Fixed Maturity Plan-Series-I-368 Days-Regular Plan-Growth;10.8154;10.8154;10.8154;01-Jan-2015
127412;Mirae Asset Fixed Maturity Plan-Series-I-368 Days-Regular Plan-Growth;10.8178;10.8178;10.8178;02-Jan-2015
127412;Mirae Asset Fixed Maturity Plan-Series-I-368 Days-Regular Plan-Growth;10.8250;10.8250;10.8250;05-Jan-2015
127412;Mirae Asset Fixed Maturity Plan-Series-I-368 Days-Regular Plan-Growth;10.8274;10.8274;10.8274;06-Jan-2015
127412;Mirae Asset Fixed Maturity Plan-Series-I-368 Days-Regular Plan-Growth;10.8297;10.8297;10.8297;07-Jan-2015
127412;Mirae Asset Fixed Maturity Plan-Series-I-368 Days-Regular Plan-Growth;10.8321;10.8321;10.8321;08-Jan-2015
127412;Mirae Asset Fixed Maturity Plan-Series-I-368 Days-Regular Plan-Growth;10.8345;10.8345;10.8345;09-Jan-2015
127412;Mirae Asset Fixed Maturity Plan-Series-I-368 Days-Regular Plan-Growth;10.8416;10.8416;10.8416;12-Jan-2015
127412;Mirae Asset Fixed Maturity Plan-Series-I-368 Days-Regular Plan-Growth;10.8442;10.8442;10.8442;13-Jan-2015
127412;Mirae Asset Fixed Maturity Plan-Series-I-368 Days-Regular Plan-Growth;10.8456;10.8456;10.8456;14-Jan-2015
127412;Mirae Asset Fixed Maturity Plan-Series-I-368 Days-Regular Plan-Growth;10.8480;10.8480;10.8480;15-Jan-2015
127412;Mirae Asset Fixed Maturity Plan-Series-I-368 Days-Regular Plan-Growth;10.8504;10.8504;10.8504;16-Jan-2015
127412;Mirae Asset Fixed Maturity Plan-Series-I-368 Days-Regular Plan-Growth;10.8576;10.8576;10.8576;19-Jan-2015
127412;Mirae Asset Fixed Maturity Plan-Series-I-368 Days-Regular Plan-Growth;10.8600;10.8600;10.8600;20-Jan-2015
127412;Mirae Asset Fixed Maturity Plan-Series-I-368 Days-Regular Plan-Growth;10.8625;10.8625;10.8625;21-Jan-2015
127412;Mirae Asset Fixed Maturity Plan-Series-I-368 Days-Regular Plan-Growth;10.8649;10.8649;10.8649;22-Jan-2015
127412;Mirae Asset Fixed Maturity Plan-Series-I-368 Days-Regular Plan-Growth;10.8673;10.8673;10.8673;23-Jan-2015
127412;Mirae Asset Fixed Maturity Plan-Series-I-368 Days-Regular Plan-Growth;10.8769;10.8769;10.8769;27-Jan-2015
127412;Mirae Asset Fixed Maturity Plan-Series-I-368 Days-Regular Plan-Growth;10.8793;10.8793;10.8793;28-Jan-2015
127412;Mirae Asset Fixed Maturity Plan-Series-I-368 Days-Regular Plan-Growth;10.8817;10.8817;10.8817;29-Jan-2015
127412;Mirae Asset Fixed Maturity Plan-Series-I-368 Days-Regular Plan-Growth;10.8841;10.8841;10.8841;30-Jan-2015
127412;Mirae Asset Fixed Maturity Plan-Series-I-368 Days-Regular Plan-Growth;10.8913;10.8913;10.8913;02-Feb-2015
127412;Mirae Asset Fixed Maturity Plan-Series-I-368 Days-Regular Plan-Growth;10.8937;10.8937;10.8937;03-Feb-2015
127412;Mirae Asset Fixed Maturity Plan-Series-I-368 Days-Regular Plan-Growth;10.8961;10.8961;10.8961;04-Feb-2015
127412;Mirae Asset Fixed Maturity Plan-Series-I-368 Days-Regular Plan-Growth;10.8985;10.8985;10.8985;05-Feb-2015
127412;Mirae Asset Fixed Maturity Plan-Series-I-368 Days-Regular Plan-Growth;10.9009;10.9009;10.9009;06-Feb-2015
127412;Mirae Asset Fixed Maturity Plan-Series-I-368 Days-Regular Plan-Growth;10.9081;10.9081;10.9081;09-Feb-2015
127412;Mirae Asset Fixed Maturity Plan-Series-I-368 Days-Regular Plan-Growth;10.9105;10.9105;10.9105;10-Feb-2015
127412;Mirae Asset Fixed Maturity Plan-Series-I-368 Days-Regular Plan-Growth;10.9129;10.9129;10.9129;11-Feb-2015
127412;Mirae Asset Fixed Maturity Plan-Series-I-368 Days-Regular Plan-Growth;10.9153;10.9153;10.9153;12-Feb-2015
127412;Mirae Asset Fixed Maturity Plan-Series-I-368 Days-Regular Plan-Growth;10.9177;10.9177;10.9177;13-Feb-2015
127412;Mirae Asset Fixed Maturity Plan-Series-I-368 Days-Regular Plan-Growth;10.9249;10.9249;10.9249;16-Feb-2015
127412;Mirae Asset Fixed Maturity Plan-Series-I-368 Days-Regular Plan-Growth;10.9297;10.9297;10.9297;18-Feb-2015
127412;Mirae Asset Fixed Maturity Plan-Series-I-368 Days-Regular Plan-Growth;10.9345;10.9345;10.9345;20-Feb-2015
127412;Mirae Asset Fixed Maturity Plan-Series-I-368 Days-Regular Plan-Growth;10.9437;10.9437;10.9437;23-Feb-2015
